-- phpMyAdmin SQL Dump
-- version 3.3.7deb7
-- http://www.phpmyadmin.net
--
-- Host: localhost
-- Generation Time: Jan 31, 2014 at 01:00 PM
-- Server version: 5.1.66
-- PHP Version: 5.3.3-7+squeeze17

SET SQL_MODE="NO_AUTO_VALUE_ON_ZERO";


/*!40101 SET @OLD_CHARACTER_SET_CLIENT=@@CHARACTER_SET_CLIENT */;
/*!40101 SET @OLD_CHARACTER_SET_RESULTS=@@CHARACTER_SET_RESULTS */;
/*!40101 SET @OLD_COLLATION_CONNECTION=@@COLLATION_CONNECTION */;
/*!40101 SET NAMES utf8 */;

--
-- Database: `armanilifestyle`
--

-- --------------------------------------------------------

--
-- Table structure for table `administrator`
--

CREATE TABLE IF NOT EXISTS `administrator` (
  `administrator_code` varchar(100) NOT NULL,
  `administrator_name` varchar(100) NOT NULL,
  `administrator_surname` varchar(100) NOT NULL,
  `administrator_username` varchar(100) NOT NULL,
  `administrator_password` varchar(100) DEFAULT NULL,
  `administrator_email` varchar(100) DEFAULT NULL,
  `administrator_telephone` varchar(100) DEFAULT NULL,
  `administrator_cell` varchar(100) DEFAULT NULL,
  `administrator_description` text,
  `administrator_added` datetime NOT NULL,
  `administrator_last_login` datetime DEFAULT NULL,
  `administrator_updated` datetime NOT NULL,
  `administrator_active` tinyint(1) NOT NULL DEFAULT '1',
  `administrator_deleted` tinyint(4) NOT NULL,
  PRIMARY KEY (`administrator_code`),
  UNIQUE KEY `administrator_email_UNIQUE` (`administrator_username`) USING BTREE
) ENGINE=InnoDB DEFAULT CHARSET=latin1;

--
-- Dumping data for table `administrator`
--

INSERT INTO `administrator` (`administrator_code`, `administrator_name`, `administrator_surname`, `administrator_username`, `administrator_password`, `administrator_email`, `administrator_telephone`, `administrator_cell`, `administrator_description`, `administrator_added`, `administrator_last_login`, `administrator_updated`, `administrator_active`, `administrator_deleted`) VALUES
('D9EKDGAD', 'Johan ', 'Visagie', 'admin@armani.com', 'admin12', 'admin@armani.com', '', '', '', '2011-04-22 05:56:39', '2013-08-17 08:35:37', '2013-08-17 08:35:37', 1, 0);

-- --------------------------------------------------------

--
-- Table structure for table `cafe`
--

CREATE TABLE IF NOT EXISTS `cafe` (
  `cafe_code` varchar(100) NOT NULL DEFAULT '',
  `city_code` varchar(100) NOT NULL,
  `cafe_featured` tinyint(1) DEFAULT '0',
  `cafe_name` varchar(100) NOT NULL,
  `cafe_link` varchar(100) DEFAULT NULL,
  `cafe_latitude` varchar(100) DEFAULT NULL,
  `cafe_longitude` varchar(100) DEFAULT NULL,
  `cafe_shortDescription` varchar(255) DEFAULT NULL,
  `cafe_description` text,
  `cafe_address` varchar(255) DEFAULT NULL,
  `cafe_openinghours` text,
  `cafe_image_search` varchar(255) NOT NULL,
  `cafe_image_logo` varchar(255) NOT NULL,
  `cafe_openingweekdays` varchar(100) DEFAULT NULL,
  `cafe_openingweekhours` varchar(100) DEFAULT NULL,
  `cafe_openingweekenddays` varchar(100) DEFAULT NULL,
  `cafe_openingweekendhours` varchar(100) DEFAULT NULL,
  `cafe_telephone` varchar(100) DEFAULT NULL,
  `cafe_cellphone` varchar(100) DEFAULT NULL,
  `cafe_bookinglink` varchar(255) DEFAULT NULL,
  `cafe_added` datetime NOT NULL,
  `cafe_updated` datetime NOT NULL,
  `cafe_active` tinyint(1) NOT NULL DEFAULT '1',
  `cafe_deleted` tinyint(1) NOT NULL DEFAULT '0',
  `seq` int(2) NOT NULL DEFAULT '1',
  PRIMARY KEY (`cafe_code`)
) ENGINE=InnoDB DEFAULT CHARSET=latin1;

--
-- Dumping data for table `cafe`
--

INSERT INTO `cafe` (`cafe_code`, `city_code`, `cafe_featured`, `cafe_name`, `cafe_link`, `cafe_latitude`, `cafe_longitude`, `cafe_shortDescription`, `cafe_description`, `cafe_address`, `cafe_openinghours`, `cafe_image_search`, `cafe_image_logo`, `cafe_openingweekdays`, `cafe_openingweekhours`, `cafe_openingweekenddays`, `cafe_openingweekendhours`, `cafe_telephone`, `cafe_cellphone`, `cafe_bookinglink`, `cafe_added`, `cafe_updated`, `cafe_active`, `cafe_deleted`, `seq`) VALUES
('1QMUOJVX', '4WAUEQ7R', 1, 'ARMANI AQUA', 'armani_aqua', '22.28227', '114.158437', NULL, NULL, '2/F, Landmark Chater (Chater House), 8<div>Connaught Road Central<br>Hong Kong&nbsp;</div>', '<table border="0" cellpadding="0" cellspacing="0" width="100%">\r\n      <tbody><tr class="table-head">\r\n        <td colspan="2">Hours</td>\r\n      </tr>\r\n      <tr>\r\n        <td>Mon - Sat</td>\r\n        <td>09:00 - 00:00<br></td>\r\n      </tr>\r\n      <tr>\r\n        <td>Sun</td>\r\n        <td>09:00 - 00:00</td>\r\n      </tr>\r\n    </tbody></table>', '/media/cafe/1QMUOJVX/search_1QMUOJVX.png', '/media/cafe/1QMUOJVX/logo_1QMUOJVX.png', '', '', '', '', '3583 2828', '', '', '2013-08-31 17:12:58', '2013-09-30 12:03:32', 0, 0, 0),
('6JSJ9NNR', 'RAZ6P1Q4', 1, 'ARMANI CAFFE', 'armani_caffe', '33.892036', '35.53582', NULL, NULL, '<br>', '<br>', '/media/cafe/6JSJ9NNR/search_6JSJ9NNR.png', '/media/cafe/6JSJ9NNR/logo_6JSJ9NNR.png', '', '', '', '', '', '', '', '2013-08-31 18:07:26', '2013-09-30 12:36:10', 0, 0, 0),
('6K6FZMAY', 'T0RLJILH', 1, 'EMPORIO ARMANI CAFFE', 'emporio_armani_caffe', '35.665634', '139.710659', NULL, NULL, '<p>3-6-1 Kita-Aoyama,Minato-Ku,<br>TOKIO<br>JAPAN</p>', 'Restaurant opening<table border="0" cellpadding="0" cellspacing="0" width="100%"><tbody>\r\n      <tr>\r\n        <td>Mon - Sun</td>\r\n        <td>11:00 - 20:00<br></td>\r\n      </tr>\r\n\r\n\r\n\r\n    </tbody></table>', '/media/cafe/6K6FZMAY/search_6K6FZMAY.jpg', '/media/cafe/6K6FZMAY/logo_6K6FZMAY.png', '', '', '', '', '+81-03-5778-1637', '', '', '2013-08-31 17:10:03', '2013-11-11 09:18:37', 1, 0, 6),
('70A2Q0IL', '', 0, 'Test', 'test', '', '', NULL, NULL, '<br>', NULL, '', '', '', '', '', '', '', '', NULL, '2013-08-31 15:17:19', '2013-08-31 18:07:47', 0, 1, 0),
('7BTEL3G1', '8D889SRB', 1, 'Testo', 'testo', '', '', NULL, NULL, 'test address', NULL, '', '', '', '', '', '', '', '', NULL, '2013-08-31 15:23:44', '2013-08-31 18:07:40', 1, 1, 0),
('7O3ULISI', 'UDQ4Y8NS', 1, 'ARMANI PRIVE', 'armani_prive', '45.471007', '9.192837', NULL, NULL, 'VIa Pisoni, 1<br>MILAN<br>ITALY', '<table border="0" cellpadding="0" cellspacing="0" width="100%">\r\n      <tbody><tr class="table-head">\r\n        <td colspan="2">Hours</td>\r\n      </tr>\r\n      <tr>\r\n        <td>Wed - Thu</td>\r\n        <td>23:30 - 03:00<br></td>\r\n      </tr>\r\n      <tr>\r\n        <td>Fri - Sat</td>\r\n        <td>23:30 - 03:30</td>\r\n      </tr>\r\n    </tbody></table>', '/media/cafe/7O3ULISI/search_7O3ULISI.jpg', '/media/cafe/7O3ULISI/logo_7O3ULISI.png', '', '', '', '', '+39-02-62312655', '', '', '2013-08-31 16:03:18', '2013-11-11 09:10:45', 1, 0, 5),
('9JGPOY1B', 'MM7F7RYU', 1, 'EMPORIO ARMANI CAFFE', 'emporio_armani_caffe', '-33.400252', '-70.576354', NULL, NULL, '<p class="p1">Av.Presidente Kennedy <br>5413 Las Condes,<br>local 480 (Boulevard Parque Arauco)<br>SANTIAGO<br>CILE</p>', '<table border="0" cellpadding="0" cellspacing="0" width="100%"><tbody>\r\n<tr class="table-head">\r\n   <td colspan="2">Hours</td>\r\n</tr>\r\n      <tr>\r\n        <td>Mon - Thu</td>\r\n        <td>08:00 - 24:00<br></td>\r\n      </tr>\r\n      <tr>\r\n        <td>Fri</td>\r\n        <td>08:00&nbsp;- 01:00</td>\r\n      </tr>\r\n <tr>\r\n        <td>Sat</td>\r\n        <td>09:00 - 01:00<br></td>\r\n      </tr>\r\n <tr>\r\n        <td>Sun</td>\r\n        <td>09:00 - 24:00<br></td>\r\n      </tr>\r\n    </tbody></table>', '/media/cafe/9JGPOY1B/search_9JGPOY1B.png', '/media/cafe/9JGPOY1B/logo_9JGPOY1B.png', '', '', '', '', '+56-2-22455005', '', '', '2013-08-31 17:41:31', '2013-10-28 18:36:15', 1, 0, 0),
('A7PUQ3G2', 'UDQ4Y8NS', 1, 'Emporio Toti Cafe', 'emporio_toti_cafe', '41.894007855970884', '12.475943863391876', '', '', '<span class="quickMapsTooltip">VIA MANZONI 31 21012 MILAN, MI<br></span>', NULL, '/media/cafe/A7PUQ3G2/search_A7PUQ3G2.jpg', '/media/cafe/A7PUQ3G2/logo_A7PUQ3G2.png', 'MON-THUR', '10:00 - 21:30', 'FRI-SUN', '10:00 - 00:00', '+39 1 419 4849', '+95 5 714 8541', NULL, '2013-08-26 20:11:26', '2013-08-31 13:59:39', 1, 1, 0),
('AWOTVVGC', 'UDQ4Y8NS', 1, 'Tokoli Caffe', 'tokoli_caffe', '42.66171961050019', '13.697116076946259', '', '', 'ak d j fad adf add fak d j fad adf add f', NULL, '/media/cafe/AWOTVVGC/search_AWOTVVGC.jpg', '/media/cafe/AWOTVVGC/logo_AWOTVVGC.png', 'MON-THUR', '10:00 - 21:30', 'FRI-SUN', '10:00 - 00:00', '+39 1 419 4849', '+95 5 714 8541', NULL, '2013-08-28 18:58:12', '2013-08-31 13:59:48', 1, 1, 0),
('B7QIAG0D', 'UDQ4Y8NS', 0, 'Emporio Toti Cafe', 'emporio_toti_cafe', '41.8954284734505', '12.487678527832031', NULL, NULL, 'AVO NOLA 123<br>MILANO<br>', NULL, '', '', 'MON-THUR', '10:00 - 21:30', 'FRI-SUN', '10:00 - 00:00', '+39 1 419 4849', '+95 5 714 8541', NULL, '2013-08-31 14:47:53', '2013-08-31 15:16:53', 1, 1, 0),
('E2LZOPJT', '8D889SRB', 1, 'test3', 'test3', '', '', NULL, NULL, '<br>', NULL, '/media/cafe/E2LZOPJT/search_E2LZOPJT.jpg', '/media/cafe/E2LZOPJT/logo_E2LZOPJT.png', '', '', '', '', '', '', NULL, '2013-08-31 15:18:18', '2013-08-31 18:08:00', 1, 1, 0),
('E4F5WCSA', 'SBCEGZAZ', 0, 'Test Cafe', 'test_cafe', '44.681152618226136', '17.962646484375', NULL, NULL, 'add ress addre ssad dress add ress', '<table border="0" cellpadding="0" cellspacing="0" width="100%">\r\n      <tbody><tr class="table-head">\r\n        <td colspan="2">Hours</td>\r\n      </tr>\r\n      <tr>\r\n        <td>Mon - Thur</td>\r\n        <td>10:00 - 21:30</td>\r\n      </tr>\r\n      <tr>\r\n        <td>Fri - Sun</td>\r\n        <td>10:00 - 00</td>\r\n      </tr>\r\n    </tbody></table>', '/media/cafe/E4F5WCSA/search_E4F5WCSA.jpg', '/media/cafe/E4F5WCSA/logo_E4F5WCSA.png', '', '', '', '', '+39 1 419 4849', '', 'http://www.google.com', '2013-08-31 18:44:36', '2013-09-30 12:04:14', 0, 0, 0),
('GAYNAANZ', 'YXRMIKPH', 1, 'EMPORIO ARMANI CAFFE', 'emporio_armani_caffe', '25.118140', '55.200031', NULL, NULL, '<p class="p1">Via Rodeo,Mall of the Emirates<br>Towers Sheikh Zayed Road<br>DUBAI<br>UAE</p>', '<table border="0" cellpadding="0" cellspacing="0" width="100%">\r\n      <tbody><tr class="table-head">\r\n        <td colspan="2">RESTAURANT OPENING</td>\r\n      </tr>\r\n      <tr>\r\n        <td>Sun - Sat</td>\r\n        <td>10:00 - 23:30</td>\r\n      </tr>\r\n      <tr>\r\n        <td><br></td><td><br></td>\r\n      </tr>\r\n    </tbody></table>', '/media/cafe/GAYNAANZ/search_GAYNAANZ.jpg', '/media/cafe/GAYNAANZ/logo_GAYNAANZ.png', '', '', '', '', '+971-4-3410591', '', '', '2013-08-31 17:59:33', '2013-11-11 09:28:35', 1, 0, 7),
('I22QOQHM', 'UDQ4Y8NS', 1, 'ARMANI NOBU', 'armani_nobu', '45.471007', '9.192837', NULL, NULL, 'Via Pisoni, 1<br>MILAN<br>ITALY', '<table border="0" cellpadding="0" cellspacing="0" width="100%">\r\n      <tbody><tr class="table-head">\r\n        <td colspan="2">Restaurant opening</td>\r\n      </tr>\r\n      <tr>\r\n        <td>Mon - Sat</td>\r\n        <td>12:30 - 14:30<br>19:30 - 23:30 </td>\r\n      </tr>\r\n      <tr>\r\n        <td>Sun</td>\r\n        <td>19:30 - 23:30</td>\r\n      </tr>\r\n    </tbody></table><table border="0" cellpadding="0" cellspacing="0" width="100%">\r\n      <tbody><tr class="table-head">\r\n        <td colspan="2">Bar opening</td>\r\n      </tr>\r\n      <tr>\r\n        <td>Mon - Sat</td>\r\n        <td>12:30 - 15:00<br>18:30 - 11:30</td>\r\n      </tr>\r\n      <tr>\r\n        <td>Sun</td>\r\n        <td>18:30 - 23:30</td>\r\n      </tr>\r\n    </tbody></table>', '/media/cafe/I22QOQHM/search_I22QOQHM.jpg', '/media/cafe/I22QOQHM/logo_I22QOQHM.png', '', '', '', '', '+39-02-62312645', '', '', '2013-08-31 16:01:09', '2013-11-11 09:09:56', 1, 0, 1),
('I5Y2WBY7', 'OYXTJO2V', 1, 'EMPORIO ARMANI CAFFE', 'emporio_armani_caffe', '40.952800', '29.096722', NULL, NULL, '<p class="p1">(Bagdat Street) Suadiye Mah.<br>Bagdat Cad. No:469 Kadikoy<br>ISTANBUL<br>TURKEY</p>', '<table border="0" cellpadding="0" cellspacing="0" width="100%">\r\n      <tbody><tr class="table-head">\r\n        <td colspan="2">Hours</td>\r\n      </tr>\r\n      <tr>\r\n        <td>Mon - Sat</td>\r\n        <td>10:00 - 01:00<br></td>\r\n      </tr>\r\n     \r\n    </tbody></table>', '/media/cafe/I5Y2WBY7/search_I5Y2WBY7.jpg', '/media/cafe/I5Y2WBY7/logo_I5Y2WBY7.png', '', '', '', '', '+90-216-4166565', '', '', '2013-08-31 17:35:22', '2013-10-29 14:33:33', 1, 0, 2),
('I7S0QNCL', 'T0RLJILH', 1, 'ARMANI RISTORANTE', 'armani_ristorante', '35.671639', '139.763965', NULL, NULL, 'Armani/Ginza Tower<div>1F-B2F, 554 Ginza</div><div>Chuo-ku&nbsp;GINZA<br>TOKIO</div><div>JAPAN</div>', '<table border="0" cellpadding="0" cellspacing="0" width="100%">\r\n      <tbody><tr class="table-head">\r\n        <td colspan="2">Restaurant opening</td>\r\n      </tr>\r\n      <tr>\r\n        <td>Mon - Sat</td>\r\n        <td>11:30 - 14:00<br></td>\r\n      </tr>\r\n      <tr>\r\n        <td><br></td>\r\n        <td>18:00 - 21:30</td>\r\n      </tr>\r\n <tr>\r\n        <td>Sun</td>\r\n        <td>11:30 - 14:00</td>\r\n      </tr>\r\n\r\n<tr>\r\n        <td></td>\r\n        <td>18:00 - 21:00</td>\r\n      </tr>\r\n    </tbody></table>\r\n<table border="0" cellpadding="0" cellspacing="0" width="100%">\r\n      <tbody><tr class="table-head">\r\n        <td colspan="2">Bar opening</td>\r\n      </tr>\r\n      <tr>\r\n        <td>Mon - Sat</td>\r\n        <td>13:00 - 16:00<br></td>\r\n      </tr>\r\n      <tr>\r\n        <td><br></td>\r\n        <td>18:00 - 22:30</td>\r\n      </tr>\r\n <tr>\r\n        <td>Sun</td>\r\n        <td>13:00 - 16:00<br></td>\r\n      </tr>\r\n    </tbody></table>', '/media/cafe/I7S0QNCL/search_I7S0QNCL.jpg', '/media/cafe/I7S0QNCL/logo_I7S0QNCL.png', '', '', '', '', '+81-03-62747005', '', 'http://www.opentable.jp/rest_profile.aspx?&rid=14339&restref=14339', '2013-08-31 16:58:40', '2013-11-11 09:16:34', 1, 0, 8),
('KF1MW1W8', 'UDQ4Y8NS', 1, 'Armani Totioli Caffe', 'armani_totioli_caffe', '41.900220602788764', '12.465762197971344', '', '', 'address, kda askdj fdf daddress, kda askdj fdf daddress, kda askdj fdf daddress, kda askdj fdf d', NULL, '/media/cafe/KF1MW1W8/search_KF1MW1W8.jpg', '/media/cafe/KF1MW1W8/logo_KF1MW1W8.png', 'MON-THUR', '10:00 - 21:30', 'FRI-SUN', '10:00 - 00:00', '+39 1 419 4874', '+95 5 714 7458', NULL, '2013-08-27 18:30:24', '2013-08-31 13:59:54', 1, 1, 0),
('NP01IZ93', 'UDQ4Y8NS', 1, 'EMPORIO ARMANI CAFFE', 'emporio_armani_caffe', '45.470409', '9.192413', NULL, NULL, 'Via croce rossa, 2<div>MILAN</div><div>ITALY</div>', '<table border="0" cellpadding="0" cellspacing="0" width="100%">\r\n      <tbody><tr class="table-head">\r\n        <td colspan="2">Restaurant opening</td>\r\n      </tr>\r\n      <tr>\r\n        <td>Mon - Sat</td>\r\n        <td>12:30 - 15:00</td>\r\n      </tr>\r\n      <tr>\r\n        <td>Sun</td>\r\n        <td>12:00 - 16:00</td>\r\n      </tr>\r\n    </tbody></table>\r\n<table border="0" cellpadding="0" cellspacing="0" width="100%"><tbody>\r\n<tr class="table-head">\r\n        <td colspan="2">Bar opening</td>\r\n      </tr>\r\n      <tr>\r\n        <td>Mon - Fri</td>\r\n        <td>07:30 - 21:00</td>\r\n      </tr>\r\n      <tr>\r\n        <td>Sat - Sun</td>\r\n        <td>08:00 - 21:00</td>\r\n      </tr>\r\n    </tbody></table>', '/media/cafe/NP01IZ93/search_NP01IZ93.jpg', '/media/cafe/NP01IZ93/logo_NP01IZ93.png', '', '', '', '', '+39-02-62312680', '', '', '2013-08-31 15:38:31', '2013-11-11 09:08:30', 1, 0, 3),
('OF0ELF7G', 'OYXTJO2V', 1, 'EMPORIO ARMANI RISTORANTE', 'emporio_armani_ristorante', '41.111517', '29.034662', NULL, NULL, '<p class="p1">Istinye Park Alisveris Merkezi Istinye <br>Pınar Mahallesi İstinye Bayırı<br>Cad.No:412<br>ISTANBUL<br>TURKEY</p>', '<table border="0" cellpadding="0" cellspacing="0" width="100%">\r\n      <tbody><tr class="table-head">\r\n        <td colspan="2">Hours</td>\r\n      </tr>\r\n      <tr>\r\n        <td>Mon - SUn</td>\r\n        <td>10:00 - 01:00<br></td>\r\n      </tr>\r\n   \r\n    </tbody></table>', '/media/cafe/OF0ELF7G/search_OF0ELF7G.jpg', '/media/cafe/OF0ELF7G/logo_OF0ELF7G.png', '', '', '', '', '+90-212-3456140', '', '', '2013-08-31 17:24:17', '2013-10-29 14:33:57', 1, 0, 4),
('OSBHQ6ZW', '', 0, 'Toti Cafe', 'toti_cafe', '', '', NULL, NULL, '<br>', NULL, '', '', '', '', '', '', '', '', NULL, '2013-08-31 15:15:58', '2013-08-31 15:16:50', 0, 1, 0),
('PHK79WZT', '4WAUEQ7R', 1, 'ARMANI PRIVE', 'armani_prive', '22.28227', '114.158437', NULL, NULL, '2/F, Landmark Chater (Chater House), 8<div>Connaught Road Central<br>Hong Kong&nbsp;<br></div>', '<table border="0" cellpadding="0" cellspacing="0" width="100%">\r\n      <tbody><tr class="table-head">\r\n        <td colspan="2">Hours</td>\r\n      </tr>\r\n      <tr>\r\n        <td>Mon - Sat</td>\r\n        <td>09:00 - 00:00<br></td>\r\n      </tr>\r\n      <tr>\r\n        <td>Sun</td>\r\n        <td>09:00 - 00:00</td>\r\n      </tr>\r\n    </tbody></table>', '/media/cafe/PHK79WZT/search_PHK79WZT.png', '/media/cafe/PHK79WZT/logo_PHK79WZT.png', '', '', '', '', '3583 2828', '', '', '2013-08-31 17:12:15', '2013-09-30 12:03:25', 0, 0, 0),
('RNEK69PT', 'SBCEGZAZ', 1, 'EMPORIO ARMANI CAFFE', 'emporio_armani_caffe', '48.853747', '2.332630', NULL, NULL, '<p class="p1">149, Blvd. St.Germain 75006<br>PARIS<br>FRANCE</p>', '<table border="0" cellpadding="0" cellspacing="0" width="100%">\r\n      <tbody><tr class="table-head">\r\n        <td colspan="2">RESTAURANT OPENING</td>\r\n      </tr>\r\n      <tr>\r\n        <td>Mon - Sun</td>\r\n        <td>12:00 - 23:30<br></td>\r\n      </tr>\r\n     \r\n    </tbody></table>\r\n<table border="0" cellpadding="0" cellspacing="0" width="100%">\r\n      <tbody><tr class="table-head">\r\n        <td colspan="2">BAR OPENING</td>\r\n      </tr>\r\n      <tr>\r\n        <td>Mon - Sun</td>\r\n        <td>12:00 - 24:00<br></td>\r\n      </tr>\r\n     \r\n    </tbody></table>', '/media/cafe/RNEK69PT/search_RNEK69PT.jpg', '/media/cafe/RNEK69PT/logo_RNEK69PT.png', '', '', '', '', '+33-1-45486215', '', '', '2013-08-31 17:15:48', '2013-10-28 18:03:03', 1, 0, 2),
('SDUAO9VV', 'UDQ4Y8NS', 1, 'Emporio Armani Cafe', 'emporio_armani_cafe', '41.89801114493601', '12.478263974189758', 'ad fa afa fd adf adf adf adfad fa afa fd adf adf adf adfad fa afa fd adf adf adf adfad fa afa fd adf adf adf adf', 'ad fa afa fd adf adf adf adfad fa afa fd adf adf adf adfad fa afa fd adf adf adf adfad fa afa fd adf adf adf adfad fa afa fd adf adf adf adfad fa afa fd adf adf adf adfad fa afa fd adf adf adf adfad fa afa fd adf adf adf adfad fa afa fd adf adf adf adfad fa afa fd adf adf adf adfad fa afa fd adf adf adf adfad fa afa fd adf adf adf adfad fa afa fd adf adf adf adfad fa afa fd adf adf adf adfad fa afa fd adf adf adf adfad fa afa fd adf adf adf adf', 'Via Manzoni 31, 21012 Milan, MI<br>', NULL, '/media/cafe/SDUAO9VV/search_SDUAO9VV.jpg', '/media/cafe/SDUAO9VV/logo_SDUAO9VV.png', 'MON-THUR', '10:00 - 21:30', 'FRI-SUN', '10:00 - 00:00', '+39 1 419 4849', '+95 5 714 8541', NULL, '2013-08-18 12:51:20', '2013-08-31 13:59:31', 1, 1, 0),
('SYKQI8Q2', '0I8HK76Z', 1, 'EMPORIO ARMANI CAFFE', 'emporio_armani_caffe', '25.370775', '51.540792', NULL, NULL, '<p>The Pearl of Qatar<br>Porto Arabia&nbsp;Parcel 4<br>DOHA<br>QATAR</p>', '<table border="0" cellpadding="0" cellspacing="0" width="100%">\r\n      <tbody><tr class="table-head">\r\n        <td colspan="2">Hours</td>\r\n      </tr>\r\n      <tr>\r\n        <td>Sun - Sat</td>\r\n        <td>10:00 - 23:30<br></td>\r\n      </tr>\r\n     \r\n    </tbody></table>', '/media/cafe/SYKQI8Q2/search_SYKQI8Q2.jpg', '/media/cafe/SYKQI8Q2/logo_SYKQI8Q2.png', '', '', '', '', '+974 -44-953876–Ext 3210', '', '', '2013-08-31 17:48:03', '2013-11-11 09:25:43', 1, 0, 3),
('UXD6XWP2', 'MVR0TSBF', 1, 'EMPORIO ARMANI CAFFE', 'emporio_armani_caffe', '29.302165', '47.941203', NULL, NULL, '<p class="p1">Prestige Area, Avenues Mall<br>KUWAIT CITY<br>QWAIT</p>', '<table border="0" cellpadding="0" cellspacing="0" width="100%">\r\n      <tbody><tr class="table-head">\r\n        <td colspan="2">RESTAURANT OPENING</td>\r\n      </tr>\r\n      <tr>\r\n        <td>Sun - Wed</td>\r\n        <td>09:00 - 23:15<br></td>\r\n      </tr>\r\n<tr>\r\n        <td>Thu - Sat</td>\r\n        <td>09:00 - 23:30<br></td>\r\n      </tr>\r\n     \r\n    </tbody></table>\r\n<table border="0" cellpadding="0" cellspacing="0" width="100%">\r\n      <tbody><tr class="table-head">\r\n        <td colspan="2">BAR OPENING</td>\r\n      </tr>\r\n      <tr>\r\n        <td>Sun - Wed</td>\r\n        <td>09:00 - 23:30<br></td>\r\n      </tr>\r\n<tr>\r\n        <td>Thu - Sat</td>\r\n        <td>09:00 - 23:45<br></td>\r\n      </tr>\r\n     \r\n    </tbody></table>', '/media/cafe/UXD6XWP2/search_UXD6XWP2.jpg', '/media/cafe/UXD6XWP2/logo_UXD6XWP2.png', '', '', '', '', '+965-2220-0520', '', '', '2013-08-31 18:06:46', '2013-11-11 09:34:35', 1, 0, 9),
('V3184BOT', '33NFQYRW', 1, 'ARMANI RISTORANTE', 'armani_ristorante', '40.762197', '-73.974296', NULL, NULL, '717 Fifth Avenue<div>New York<br>USA</div>', '<table border="0" cellpadding="0" cellspacing="0" width="100%">\r\n      <tbody><tr class="table-head">\r\n        <td colspan="2">Restaurant opening</td>\r\n      </tr>\r\n      <tr>\r\n        <td>Mon - Wed</td>\r\n        <td>11:45 - 22:00<br></td>\r\n      </tr>\r\n      <tr>\r\n        <td>Thu - Sat</td>\r\n        <td>11:45 - 22:30</td>\r\n      </tr>\r\n <tr>\r\n        <td>Sun</td>\r\n        <td>11:45 - 15:30</td>\r\n      </tr>\r\n    </tbody></table>\r\n<table border="0" cellpadding="0" cellspacing="0" width="100%">\r\n      <tbody><tr class="table-head">\r\n        <td colspan="2">Bar opening</td>\r\n      </tr>\r\n      <tr>\r\n        <td>Mon - Wed</td>\r\n        <td>11:45 - 23:00<br></td>\r\n      </tr>\r\n      <tr>\r\n        <td>Thu - Sat</td>\r\n        <td>11:45 - 23:30</td>\r\n      </tr>\r\n <tr>\r\n        <td>Sun</td>\r\n        <td>11:45 - 15:30</td>\r\n      </tr>\r\n    </tbody></table>', '/media/cafe/V3184BOT/search_V3184BOT.jpg', '/media/cafe/V3184BOT/logo_V3184BOT.png', '', '', '', '', '+1-212-2071902', '', 'http://www.opentable.com/armani-ristorante-5th-avenue', '2013-08-31 16:47:31', '2013-11-11 09:11:51', 1, 0, 0),
('VOTM0P3X', '8D889SRB', 0, 'EMPORIO ARMANI CAFFE', 'emporio_armani_caffe', '40.960456', '29.080467', NULL, NULL, '<p class="p1">Shopping Iguatemi 2232<br>Av. Brigadeiro Faria Lima</p>', '<table border="0" cellpadding="0" cellspacing="0" width="100%">\r\n      <tbody><tr class="table-head">\r\n        <td colspan="2">Hours</td>\r\n      </tr>\r\n      <tr>\r\n        <td>Mon - Sat</td>\r\n        <td>12:00 - 23:00<br></td>\r\n      </tr>\r\n      <tr>\r\n        <td>Sun</td>\r\n        <td>12:00 - 22:00</td>\r\n      </tr>\r\n    </tbody></table>', '/media/cafe/VOTM0P3X/search_VOTM0P3X.png', '/media/cafe/VOTM0P3X/logo_VOTM0P3X.png', '', '', '', '', '+55-11-38148264', '', '', '2013-08-31 17:38:14', '2013-09-30 17:18:54', 0, 0, 0),
('W90YOTP5', 'T0RLJILH', 1, 'ARMANI PRIVE', 'armani_prive', '35.671661', '139.779654', NULL, NULL, '<p class="p1">Armani/Ginza Tower&nbsp;1F-B2F<br>554 Ginza<br>Chuo-ku</p>', '<table border="0" cellpadding="0" cellspacing="0" width="100%">\r\n      <tbody><tr class="table-head">\r\n        <td colspan="2">Hours</td>\r\n      </tr>\r\n      <tr>\r\n        <td>Mon - Sat</td>\r\n        <td>13:00 - 22:30<br></td>\r\n      </tr>\r\n      <tr>\r\n        <td>Sun</td>\r\n        <td>13:00 - 21:00</td>\r\n      </tr>\r\n    </tbody></table>', '/media/cafe/W90YOTP5/search_W90YOTP5.png', '/media/cafe/W90YOTP5/logo_W90YOTP5.png', '', '', '', '', '+81-03-62747006', '', '', '2013-08-31 17:06:53', '2013-09-30 11:49:44', 0, 0, 0),
('XXU62SNB', 'YXRMIKPH', 1, 'ARMANI DUBAI CAFFE', 'armani_dubai_caffe', '25.197728', '55.276433', NULL, NULL, 'The Dubai Mall, Doha Street<br>DUBAI<br>UAE', '<table border="0" cellpadding="0" cellspacing="0" width="100%">\r\n      <tbody><tr class="table-head">\r\n        <td colspan="2">Hours</td>\r\n      </tr>\r\n      <tr>\r\n        <td>Mon - Sat</td>\r\n        <td>10:00 - 23:30<br></td>\r\n      </tr>\r\n     \r\n    </tbody></table>', '/media/cafe/XXU62SNB/search_XXU62SNB.jpg', '/media/cafe/XXU62SNB/logo_XXU62SNB.png', '', '', '', '', '+971-4-3398396', '', '', '2013-08-31 18:02:17', '2013-11-11 09:30:59', 1, 0, 5),
('YLCGVG65', 'RPB1WQPO', 1, 'EMPORIO ARMANI CAFFE', 'emporio_armani_caffe', '24.501718', '54.389489', NULL, NULL, '<p class="p1">Sowwah Square <br>ABU DHABI<br>UAE</p>', '<table border="0" cellpadding="0" cellspacing="0" width="100%">\r\n      <tbody><tr class="table-head">\r\n        <td colspan="2">Hours</td>\r\n      </tr>\r\n      <tr>\r\n        <td>Mon - Sat</td>\r\n        <td>10:00 - 23:30<br></td>\r\n      </tr>\r\n     \r\n    </tbody></table>', '/media/cafe/YLCGVG65/search_YLCGVG65.jpg', '/media/cafe/YLCGVG65/logo_YLCGVG65.png', '', '', '', '', '+971-2-6761044', '', '', '2013-08-31 18:04:45', '2013-11-11 09:32:49', 1, 0, 1),
('ZECW5NHZ', '9326NMKX', 1, 'ARMANI CAFFE', 'armani_caffe', '43.549707', '7.025864', NULL, NULL, '<p class="p1">42/43 Boulevard de la Croisette, 06400<br>CANNES<br>FRANCE</p>', '<table border="0" cellpadding="0" cellspacing="0" width="100%">\r\n      <tbody><tr class="table-head">\r\n        <td colspan="2">Hours</td>\r\n      </tr>\r\n      <tr>\r\n        <td>Mon - Sun</td>\r\n        <td>08:30 - 19:00<br></td>\r\n      </tr>\r\n\r\n    </tbody></table>', '/media/cafe/ZECW5NHZ/search_ZECW5NHZ.jpg', '/media/cafe/ZECW5NHZ/logo_ZECW5NHZ.png', '', '', '', '', '+33-04-93994405', '', '', '2013-08-31 17:21:26', '2013-11-11 09:19:39', 1, 0, 4);

-- --------------------------------------------------------

--
-- Table structure for table `cafeimage`
--

CREATE TABLE IF NOT EXISTS `cafeimage` (
  `cafeimage_code` varchar(11) NOT NULL,
  `cafe_code` varchar(100) DEFAULT NULL,
  `cafeimage_type` varchar(4) DEFAULT NULL COMMENT 'FTR (featured), FTRL (featured logo), BNR (big banner), GLY (gallery)',
  `cafeimage_order` int(5) DEFAULT NULL,
  `cafeimage_name` varchar(100) NOT NULL DEFAULT '',
  `cafeimage_filename` varchar(200) NOT NULL,
  `cafeimage_primary` tinyint(1) DEFAULT '0',
  `cafeimage_description` varchar(255) DEFAULT NULL,
  `cafeimage_extension` varchar(10) DEFAULT NULL,
  `cafeimage_path` varchar(255) NOT NULL,
  `cafeimage_added` datetime DEFAULT NULL,
  `cafeimage_updated` datetime DEFAULT NULL,
  `cafeimage_active` tinyint(1) DEFAULT '1',
  `cafeimage_deleted` tinyint(1) DEFAULT '0',
  PRIMARY KEY (`cafeimage_code`)
) ENGINE=MyISAM DEFAULT CHARSET=latin1;

--
-- Dumping data for table `cafeimage`
--

INSERT INTO `cafeimage` (`cafeimage_code`, `cafe_code`, `cafeimage_type`, `cafeimage_order`, `cafeimage_name`, `cafeimage_filename`, `cafeimage_primary`, `cafeimage_description`, `cafeimage_extension`, `cafeimage_path`, `cafeimage_added`, `cafeimage_updated`, `cafeimage_active`, `cafeimage_deleted`) VALUES
('29255145887', 'SDUAO9VV', NULL, NULL, 'adfa dfadsfad', '261929_2232763862167_3991720_n.jpg', 1, 'adfa dfadsfadadfa dfadsfadadfa dfadsfadadfa dfadsfadadfa dfadsfad', '.jpg', '/media/cafe/SDUAO9VV/29255145887', '2013-08-18 19:28:59', '2013-08-18 19:33:49', 1, 0),
('37141211529', 'SDUAO9VV', NULL, NULL, 'sfdg sfgsfgsfgf', '264250_2232761102098_1156211_n.jpg', 0, 'sfdg sfgsfgsfgfsfdg sfgsfgsfgfsfdg sfgsfgsfgfsfdg sfgsfgsfgfsfdg sfgsfgsfgfsfdg sfgsfgsfgf', '.jpg', '/media/cafe/SDUAO9VV/37141211529', '2013-08-18 19:33:21', NULL, 1, 0),
('29154528594', 'A7PUQ3G2', 'GLY', NULL, 'Featured big image', '261519_2232754381930_7286102_n.jpg', 0, 'a dads fa dsf dd fa dads fa dsf dd fa dads fa dsf dd f', '.jpg', '/media/cafe/gallery/A7PUQ3G2/29154528594', '2013-08-26 20:49:11', '2013-08-26 20:49:37', 1, 1),
('42226967332', 'A7PUQ3G2', 'FTR', NULL, 'Featured big image', '264250_2232761102098_1156211_n.jpg', 0, 'ad adsfafa dads fa dsf dd fa dads fa dsf dd fa dads fa dsf dd fa dads fa dsf dd f', '.jpg', '/media/cafe/featured/A7PUQ3G2/42226967332', '2013-08-26 20:50:55', '2013-08-26 20:58:26', 1, 1),
('61356576256', 'A7PUQ3G2', 'FTR', NULL, 'Featured big image', '264250_2232761102098_1156211_n.jpg', 0, 'ad adfadfd', '.jpg', '/media/cafe/featured/A7PUQ3G2/61356576256', '2013-08-26 21:07:59', '2013-08-26 21:19:34', 1, 1),
('77695952765', 'A7PUQ3G2', 'FTR', NULL, 'Featured big image', 'big.jpg', 0, 'Featured big image', '.jpg', '/media/cafe/featured/A7PUQ3G2/77695952765', '2013-08-26 21:25:06', '2013-08-29 08:10:27', 1, 1),
('45747231955', 'A7PUQ3G2', 'FTRL', NULL, 'Featured Logo image', 'featured-logo.png', 0, 'Featured Logo image', '.png', '/media/cafe/featured/A7PUQ3G2/45747231955', '2013-08-26 21:25:25', '2013-08-29 08:10:41', 1, 1),
('92584674887', 'SDUAO9VV', 'FTR', NULL, 'Featured big image', 'big.jpg', 0, 'Featured big image', '.jpg', '/media/cafe/featured/SDUAO9VV/92584674887', '2013-08-26 21:26:55', '2013-08-29 08:06:58', 1, 1),
('95612695415', 'SDUAO9VV', 'FTRL', NULL, 'Featured Logo image', 'featured-logo-cafe.png', 0, 'Featured Logo image', '.png', '/media/cafe/featured/SDUAO9VV/95612695415', '2013-08-26 21:27:06', '2013-08-29 08:06:49', 1, 1),
('78129346763', 'A7PUQ3G2', 'GLY', NULL, 'Big image', 'cafe-img.jpg', 1, 'Big image', '.jpg', '/media/cafe/gallery/A7PUQ3G2/78129346763', '2013-08-28 17:34:55', '2013-08-28 17:35:03', 1, 0),
('39767768662', 'A7PUQ3G2', 'GLY', NULL, 'Big image', 'cafe-img.jpg', 0, 'Big image', '.jpg', '/media/cafe/gallery/A7PUQ3G2/39767768662', '2013-08-28 17:35:20', NULL, 1, 0),
('38813148512', 'A7PUQ3G2', 'GLY', NULL, 'Big image', 'cafe-img.jpg', 0, 'Big image', '.jpg', '/media/cafe/gallery/A7PUQ3G2/38813148512', '2013-08-28 17:37:41', NULL, 1, 0),
('18647116924', 'A7PUQ3G2', 'GLY', NULL, 'Big image', 'cafe-img.jpg', 0, 'Big image', '.jpg', '/media/cafe/gallery/A7PUQ3G2/18647116924', '2013-08-28 17:44:27', NULL, 1, 0),
('26429821657', 'AWOTVVGC', 'FTR', NULL, 'Cafe Name', 'featured.jpg', 0, 'Description', '.jpg', '/media/cafe/featured/AWOTVVGC/26429821657', '2013-08-29 07:23:09', NULL, 1, 0),
('61879239612', 'AWOTVVGC', 'FTRL', NULL, 'Armani', 'featured-logo.png', 0, 'Description', '.png', '/media/cafe/featured/AWOTVVGC/61879239612', '2013-08-29 07:23:53', NULL, 1, 0),
('91599559739', 'KF1MW1W8', 'GLY', NULL, 'Cafe Name', 'featured.jpg', 0, 'Description', '.jpg', '/media/cafe/gallery/KF1MW1W8/91599559739', '2013-08-29 07:27:59', NULL, 1, 0),
('26162178957', 'KF1MW1W8', 'GLY', NULL, 'Cafe Name', 'featured-logo-prive.png', 0, 'Description', '.png', '/media/cafe/gallery/KF1MW1W8/26162178957', '2013-08-29 07:28:21', NULL, 1, 0),
('11235294377', 'KF1MW1W8', 'FTR', NULL, 'Cafe Name', 'featured-odd.jpg', 0, 'Description', '.jpg', '/media/cafe/featured/KF1MW1W8/11235294377', '2013-08-29 07:35:26', '2013-08-29 08:11:53', 1, 1),
('92978222268', 'KF1MW1W8', 'FTRL', NULL, 'Cafe Name', 'featured-logo-prive.png', 0, 'Description', '.png', '/media/cafe/featured/KF1MW1W8/92978222268', '2013-08-29 07:35:44', '2013-08-29 08:12:01', 1, 1),
('63587874129', 'SDUAO9VV', 'FTRL', NULL, 'Featured big image', 'featured-logo-cafe.png', 0, 'Featured big image', '.png', '/media/cafe/featured/SDUAO9VV/63587874129', '2013-08-29 08:07:51', '2013-08-29 08:08:29', 1, 1),
('23682966395', 'SDUAO9VV', 'FTR', NULL, 'Big image', 'big.jpg', 0, 'Big image', '.jpg', '/media/cafe/featured/SDUAO9VV/23682966395', '2013-08-29 08:08:49', NULL, 1, 0),
('15269729982', 'SDUAO9VV', 'FTRL', NULL, 'Big image', 'featured-logo.png', 0, 'Big image', '.png', '/media/cafe/featured/SDUAO9VV/15269729982', '2013-08-29 08:09:04', NULL, 1, 0),
('62336242584', 'A7PUQ3G2', 'FTR', NULL, 'Big image', 'big.jpg', 0, 'Big image', '.jpg', '/media/cafe/featured/A7PUQ3G2/62336242584', '2013-08-29 08:10:59', NULL, 1, 0),
('83389661349', 'A7PUQ3G2', 'FTRL', NULL, 'Featured big image', 'featured-logo.png', 0, 'Big image', '.png', '/media/cafe/featured/A7PUQ3G2/83389661349', '2013-08-29 08:11:17', NULL, 1, 0),
('34897688537', 'KF1MW1W8', 'FTR', NULL, 'Big image', 'big.jpg', 0, 'Big image', '.jpg', '/media/cafe/featured/KF1MW1W8/34897688537', '2013-08-29 08:12:22', NULL, 1, 0),
('25318473285', 'KF1MW1W8', 'FTRL', NULL, 'Featured big image', 'featured-logo.png', 0, 'Big image', '.png', '/media/cafe/featured/KF1MW1W8/25318473285', '2013-08-29 08:12:36', NULL, 1, 0),
('51515192667', '7BTEL3G1', 'GLY', NULL, 'Test Image', 'cafe-img.jpg', 0, '', '.jpg', '/media/cafe/gallery/7BTEL3G1/51515192667', '2013-08-31 16:12:46', NULL, 1, 0),
('95726559334', 'I22QOQHM', 'GLY', NULL, 'rrrw', 'ANOBU_Milan_0.jpg', 0, 'fdffddds', '.jpg', '/media/cafe/gallery/I22QOQHM/95726559334', '2013-08-31 16:13:55', NULL, 1, 0),
('95415288819', 'E2LZOPJT', 'FTR', NULL, 'Test', 'featured.jpg', 0, 'Test', '.jpg', '/media/cafe/featured/E2LZOPJT/95415288819', '2013-08-31 16:52:16', NULL, 1, 0),
('51466513312', 'E2LZOPJT', 'FTRL', NULL, 'Cafe Name', 'featured-logo-cafe.png', 0, 'Test', '.png', '/media/cafe/featured/E2LZOPJT/51466513312', '2013-08-31 16:53:39', NULL, 1, 0),
('41355118967', '7BTEL3G1', 'FTR', NULL, 'Test Image', 'featured.jpg', 0, 'Test', '.jpg', '/media/cafe/featured/7BTEL3G1/41355118967', '2013-08-31 17:18:10', NULL, 1, 0),
('93386646483', '7BTEL3G1', 'FTRL', NULL, 'Cafe Name', 'featured-logo-prive.png', 0, 'test', '.png', '/media/cafe/featured/7BTEL3G1/93386646483', '2013-08-31 17:18:30', NULL, 1, 0),
('87918733647', 'I22QOQHM', 'GLY', 10, 'in', 'ANOBU_Milan_1.jpg', 0, 'jh', '.jpg', '/media/cafe/gallery/I22QOQHM/87918733647', '2013-08-31 23:25:23', '2013-11-11 09:41:57', 0, 0),
('83125613463', 'I22QOQHM', 'GLY', 12, 'uuu', 'ANOBU_Milan_2.jpg', 0, 'uuu', '.jpg', '/media/cafe/gallery/I22QOQHM/83125613463', '2013-08-31 23:25:58', '2013-11-11 09:42:48', 0, 0),
('63313585817', 'I22QOQHM', 'GLY', 9, 'mmm', 'ANOBU_Milan_3.jpg', 0, 'mmmm', '.jpg', '/media/cafe/gallery/I22QOQHM/63313585817', '2013-08-31 23:26:22', '2013-11-11 09:44:21', 0, 0),
('42225483156', 'I22QOQHM', 'GLY', 11, 'kk', 'ANOBU_Milan_4.jpg', 0, 'm', '.jpg', '/media/cafe/gallery/I22QOQHM/42225483156', '2013-08-31 23:26:39', '2013-11-11 09:42:53', 0, 0),
('49659742299', 'I22QOQHM', 'GLY', 8, 'j', 'ANOBU_Milan_5.jpg', 0, 'o', '.jpg', '/media/cafe/gallery/I22QOQHM/49659742299', '2013-08-31 23:27:05', '2013-11-11 09:44:04', 0, 0),
('39946462625', 'I22QOQHM', 'GLY', 7, 'j', 'ANOBU_Milan_6.jpg', 0, 'j', '.jpg', '/media/cafe/gallery/I22QOQHM/39946462625', '2013-08-31 23:27:34', '2013-11-11 09:41:33', 0, 0),
('95235271985', 'I22QOQHM', 'GLY', 6, 'i', 'ANOBU_Milan_7.jpg', 0, 'o', '.jpg', '/media/cafe/gallery/I22QOQHM/95235271985', '2013-08-31 23:28:14', '2013-11-11 09:41:26', 0, 0),
('36211846426', 'I22QOQHM', 'GLY', 4, 'y', 'ANOBU_Milan_9.jpg', 0, 'u', '.jpg', '/media/cafe/gallery/I22QOQHM/36211846426', '2013-08-31 23:33:16', '2013-11-11 09:40:57', 0, 0),
('88233643423', 'I22QOQHM', 'GLY', NULL, 'j', 'ANOBU_Milan_10.jpg', 0, 'j', '.jpg', '/media/cafe/gallery/I22QOQHM/88233643423', '2013-08-31 23:34:10', '2013-10-28 18:20:33', 1, 1),
('35734975624', 'I22QOQHM', 'GLY', 5, 'h', 'ANOBU_Milan_8.jpg', 0, 'k', '.jpg', '/media/cafe/gallery/I22QOQHM/35734975624', '2013-08-31 23:34:42', '2013-11-11 09:41:19', 0, 0),
('22131563318', 'I22QOQHM', 'GLY', 3, 'h', 'ANOBU_Milan_10.jpg', 0, 'j', '.jpg', '/media/cafe/gallery/I22QOQHM/22131563318', '2013-08-31 23:35:36', '2013-11-11 09:40:46', 0, 0),
('73948366148', 'I22QOQHM', 'GLY', 2, 'n', 'ANOBU_Milan_11.jpg', 0, 'j', '.jpg', '/media/cafe/gallery/I22QOQHM/73948366148', '2013-08-31 23:37:03', '2013-11-11 09:40:11', 0, 0),
('22554991394', 'I22QOQHM', 'GLY', NULL, 'm', 'ANOBU_Milan_12.jpg', 0, 'm', '.jpg', '/media/cafe/gallery/I22QOQHM/22554991394', '2013-08-31 23:37:22', '2013-11-11 09:36:15', 1, 1),
('33415821612', 'I22QOQHM', 'GLY', NULL, 'm', 'ANOBU_Milan_13.jpg', 0, 'm', '.jpg', '/media/cafe/gallery/I22QOQHM/33415821612', '2013-08-31 23:38:14', '2013-10-28 18:21:20', 1, 1),
('44289245486', 'I22QOQHM', 'GLY', NULL, 'j', 'ANOBU_Milan_14.jpg', 0, 'j', '.jpg', '/media/cafe/gallery/I22QOQHM/44289245486', '2013-08-31 23:39:42', '2013-10-28 18:22:22', 1, 1),
('21356842818', 'NP01IZ93', 'GLY', NULL, 'm', 'mil_0.jpg', 0, 'm', '.jpg', '/media/cafe/gallery/NP01IZ93/21356842818', '2013-08-31 23:55:53', NULL, 1, 0),
('18183152347', 'NP01IZ93', 'GLY', NULL, 'm', 'mil_1.jpg', 0, 'k', '.jpg', '/media/cafe/gallery/NP01IZ93/18183152347', '2013-08-31 23:56:18', NULL, 1, 0),
('22122731247', 'NP01IZ93', 'GLY', NULL, 'o', 'mil_2.jpg', 0, 'k', '.jpg', '/media/cafe/gallery/NP01IZ93/22122731247', '2013-08-31 23:57:53', NULL, 1, 0),
('71674579566', 'NP01IZ93', 'GLY', NULL, 'm', 'mil_3.jpg', 0, 'n', '.jpg', '/media/cafe/gallery/NP01IZ93/71674579566', '2013-08-31 23:58:07', NULL, 1, 0),
('58611965911', 'NP01IZ93', 'GLY', NULL, 'k', 'mil_4.jpg', 0, 'k', '.jpg', '/media/cafe/gallery/NP01IZ93/58611965911', '2013-08-31 23:59:16', NULL, 1, 0),
('88234123513', 'NP01IZ93', 'GLY', NULL, 'm', 'mil_5.jpg', 0, 'n', '.jpg', '/media/cafe/gallery/NP01IZ93/88234123513', '2013-08-31 23:59:33', NULL, 1, 0),
('38879714525', 'NP01IZ93', 'GLY', NULL, 'm', 'mil_6.jpg', 0, 'h', '.jpg', '/media/cafe/gallery/NP01IZ93/38879714525', '2013-09-01 00:01:32', NULL, 1, 0),
('18117954872', 'NP01IZ93', 'GLY', NULL, 'm', 'mil_7.jpg', 0, 'n', '.jpg', '/media/cafe/gallery/NP01IZ93/18117954872', '2013-09-01 00:01:48', NULL, 1, 0),
('23334251663', 'NP01IZ93', 'GLY', NULL, 'h', 'mil_8.jpg', 0, 'm', '.jpg', '/media/cafe/gallery/NP01IZ93/23334251663', '2013-09-01 00:02:44', NULL, 1, 0),
('95441617122', '7O3ULISI', 'GLY', NULL, 'r', 'AP_Milan_3.jpg', 0, 'y', '.jpg', '/media/cafe/gallery/7O3ULISI/95441617122', '2013-09-01 00:10:15', '2013-09-01 00:23:54', 1, 1),
('37921893143', '7O3ULISI', 'GLY', 2, 'jj', 'AP_Milan_0.jpg', 0, 'uu', '.jpg', '/media/cafe/gallery/7O3ULISI/37921893143', '2013-09-01 00:24:15', '2013-09-01 19:27:06', 0, 0),
('59381431921', '7O3ULISI', 'GLY', 5, 'gg', 'AP_Milan_3.jpg', 0, 'm', '.jpg', '/media/cafe/gallery/7O3ULISI/59381431921', '2013-09-01 00:24:38', '2013-09-01 19:27:36', 0, 0),
('35876542488', '7O3ULISI', 'GLY', NULL, 'hhh', 'AP_Milan_2.jpg', 0, 'n', '.jpg', '/media/cafe/gallery/7O3ULISI/35876542488', '2013-09-01 00:24:56', NULL, 1, 0),
('14897827116', '7O3ULISI', 'GLY', NULL, 'g', 'AP_Milan_5.jpg', 0, 'j', '.jpg', '/media/cafe/gallery/7O3ULISI/14897827116', '2013-09-01 00:25:20', NULL, 1, 0),
('42145543714', '7O3ULISI', 'GLY', 4, 'j', 'AP_Milan_4.jpg', 0, 'm', '.jpg', '/media/cafe/gallery/7O3ULISI/42145543714', '2013-09-01 00:25:39', '2013-09-01 19:26:48', 0, 0),
('81693125587', 'V3184BOT', 'GLY', 1, 'k', 'NY_1.jpg', 0, 'k', '.jpg', '/media/cafe/gallery/V3184BOT/81693125587', '2013-09-01 00:36:39', '2013-09-02 01:42:45', 1, 0),
('16248728215', 'V3184BOT', 'GLY', 2, 'k', 'NY_2.jpg', 0, 'm', '.jpg', '/media/cafe/gallery/V3184BOT/16248728215', '2013-09-01 00:37:17', '2013-09-02 01:43:00', 1, 0),
('29812173835', 'V3184BOT', 'GLY', 3, 'j', 'NY_3.jpg', 0, 'jh', '.jpg', '/media/cafe/gallery/V3184BOT/29812173835', '2013-09-01 00:37:34', '2013-09-02 01:43:13', 1, 0),
('72955476721', 'V3184BOT', 'GLY', 5, 'j', 'NY_4.jpg', 0, 'j', '.jpg', '/media/cafe/gallery/V3184BOT/72955476721', '2013-09-01 00:37:57', '2013-09-02 01:43:24', 1, 0),
('11986463654', 'V3184BOT', 'GLY', 4, 'u', 'NY_5.jpg', 0, 'mn', '.jpg', '/media/cafe/gallery/V3184BOT/11986463654', '2013-09-01 00:38:18', '2013-09-02 01:43:45', 1, 0),
('83114992633', 'V3184BOT', 'GLY', 6, 'j', 'NY_6.jpg', 0, 'h', '.jpg', '/media/cafe/gallery/V3184BOT/83114992633', '2013-09-01 00:38:49', '2013-09-02 01:43:58', 1, 0),
('39695311958', 'V3184BOT', 'GLY', 13, 'yy', 'NY_8.jpg', 0, 'hhh', '.jpg', '/media/cafe/gallery/V3184BOT/39695311958', '2013-09-01 00:59:12', '2013-10-18 16:16:40', 1, 0),
('23814339377', 'V3184BOT', 'FTRL', NULL, 'eee', 'armani_ristorante_A5A.png', 0, 'eee', '.png', '/media/cafe/featured/V3184BOT/23814339377', '2013-10-31 17:09:49', '2013-10-31 17:10:15', 1, 1),
('74455631968', 'V3184BOT', 'GLY', 8, 'k', 'NY_11.jpg', 0, 'k', '.jpg', '/media/cafe/gallery/V3184BOT/74455631968', '2013-09-01 01:02:11', '2013-09-02 01:43:58', 1, 0),
('42898716267', 'V3184BOT', 'GLY', 10, 'kk', 'NY_12.jpg', 0, 'm', '.jpg', '/media/cafe/gallery/V3184BOT/42898716267', '2013-09-01 01:02:28', '2013-09-02 01:43:24', 1, 0),
('73614823545', 'V3184BOT', 'GLY', 9, 'jjj', 'NY_13.jpg', 0, 'njjj', '.jpg', '/media/cafe/gallery/V3184BOT/73614823545', '2013-09-01 01:02:51', '2013-09-02 01:43:45', 1, 0),
('99147193934', 'V3184BOT', 'GLY', 7, 'kk', 'NY_14.jpg', 0, 'jj', '.jpg', '/media/cafe/gallery/V3184BOT/99147193934', '2013-09-01 01:03:13', '2013-09-01 19:16:44', 1, 0),
('22997334478', 'V3184BOT', 'GLY', 12, 'k', 'NY_10.jpg', 0, 'k', '.jpg', '/media/cafe/gallery/V3184BOT/22997334478', '2013-09-01 01:06:13', '2013-09-02 01:43:00', 1, 0),
('16613165125', 'V3184BOT', 'FTRL', NULL, '3e', 'armani_ristorante_A5A.png', 0, 'eee', '.png', '/media/cafe/featured/V3184BOT/16613165125', '2013-10-31 17:10:29', NULL, 1, 0),
('69878241974', 'V3184BOT', 'GLY', 11, 'o', 'NY_99.jpg', 0, 'k', '.jpg', '/media/cafe/gallery/V3184BOT/69878241974', '2013-09-01 01:10:59', '2013-09-02 01:43:13', 1, 0),
('31945724781', 'I7S0QNCL', 'GLY', NULL, 'm', 'ginza_1.jpg', 0, 'm', '.jpg', '/media/cafe/gallery/I7S0QNCL/31945724781', '2013-09-01 11:40:46', NULL, 1, 0),
('54448612421', 'I7S0QNCL', 'GLY', NULL, 'k', 'ginza_2.jpg', 0, 'l', '.jpg', '/media/cafe/gallery/I7S0QNCL/54448612421', '2013-09-01 11:41:04', NULL, 1, 0),
('47961783115', 'I7S0QNCL', 'GLY', NULL, 'l', 'ginza_3.jpg', 0, 'l', '.jpg', '/media/cafe/gallery/I7S0QNCL/47961783115', '2013-09-01 11:41:22', NULL, 1, 0),
('82759913612', 'I7S0QNCL', 'GLY', NULL, 'k', 'ginza_4.jpg', 0, 'l', '.jpg', '/media/cafe/gallery/I7S0QNCL/82759913612', '2013-09-01 11:41:46', NULL, 1, 0),
('81346646476', '6K6FZMAY', 'GLY', NULL, 'm', 'aoyama_1.jpg', 0, 'k', '.jpg', '/media/cafe/gallery/6K6FZMAY/81346646476', '2013-09-01 11:51:32', NULL, 1, 0),
('44436863378', '6K6FZMAY', 'GLY', NULL, 'm', 'aoyama_2.jpg', 0, 'm', '.jpg', '/media/cafe/gallery/6K6FZMAY/44436863378', '2013-09-01 11:51:47', NULL, 1, 0),
('21893841329', '6K6FZMAY', 'GLY', NULL, 'm', 'aoyama_3.jpg', 0, 'm', '.jpg', '/media/cafe/gallery/6K6FZMAY/21893841329', '2013-09-01 11:52:16', NULL, 1, 0),
('94798428437', 'RNEK69PT', 'GLY', NULL, 'j', 'par_1.jpg', 0, 'm', '.jpg', '/media/cafe/gallery/RNEK69PT/94798428437', '2013-09-01 11:58:41', NULL, 1, 0),
('53835722551', 'RNEK69PT', 'GLY', NULL, 'k', 'par_2.jpg', 0, 'k', '.jpg', '/media/cafe/gallery/RNEK69PT/53835722551', '2013-09-01 11:59:36', NULL, 1, 0),
('61893682671', 'RNEK69PT', 'GLY', NULL, 'l', 'par_3.jpg', 0, 'k', '.jpg', '/media/cafe/gallery/RNEK69PT/61893682671', '2013-09-01 12:00:12', NULL, 1, 0),
('37132145812', 'RNEK69PT', 'GLY', NULL, 'yy', 'par_4.jpg', 0, 'kk', '.jpg', '/media/cafe/gallery/RNEK69PT/37132145812', '2013-09-01 12:00:51', NULL, 1, 0),
('74997269577', 'RNEK69PT', 'GLY', NULL, 'y', 'par_5.jpg', 0, 'n', '.jpg', '/media/cafe/gallery/RNEK69PT/74997269577', '2013-09-01 12:01:18', NULL, 1, 0),
('65177487545', 'RNEK69PT', 'GLY', NULL, 'k', 'par_6.jpg', 0, 'm', '.jpg', '/media/cafe/gallery/RNEK69PT/65177487545', '2013-09-01 12:01:44', NULL, 1, 0),
('97282519745', 'RNEK69PT', 'GLY', NULL, 'k', 'par_7.jpg', 0, 'k', '.jpg', '/media/cafe/gallery/RNEK69PT/97282519745', '2013-09-01 12:02:06', NULL, 1, 0),
('25287561586', 'RNEK69PT', 'GLY', NULL, 'j', 'par_8.jpg', 0, 'k', '.jpg', '/media/cafe/gallery/RNEK69PT/25287561586', '2013-09-01 12:02:40', NULL, 1, 0),
('74379931343', 'RNEK69PT', 'GLY', NULL, 'k', 'par_9.jpg', 0, 'k', '.jpg', '/media/cafe/gallery/RNEK69PT/74379931343', '2013-09-01 12:03:22', NULL, 1, 0),
('25816728161', 'ZECW5NHZ', 'GLY', NULL, 'l', 'Cannes_1.jpg', 0, 'n', '.jpg', '/media/cafe/gallery/ZECW5NHZ/25816728161', '2013-09-01 12:10:55', NULL, 1, 0),
('79638644918', 'ZECW5NHZ', 'GLY', NULL, 'k', 'Cannes_2.jpg', 0, 'k', '.jpg', '/media/cafe/gallery/ZECW5NHZ/79638644918', '2013-09-01 12:11:13', NULL, 1, 0),
('42287246841', 'ZECW5NHZ', 'GLY', NULL, 'k', 'Cannes_3.jpg', 0, 'k', '.jpg', '/media/cafe/gallery/ZECW5NHZ/42287246841', '2013-09-01 12:11:33', NULL, 1, 0),
('87947578684', 'ZECW5NHZ', 'GLY', NULL, 'j', 'Cannes_4.jpg', 0, 'j', '.jpg', '/media/cafe/gallery/ZECW5NHZ/87947578684', '2013-09-01 12:12:06', NULL, 1, 0),
('99687785854', 'ZECW5NHZ', 'GLY', NULL, 'j', 'Cannes_5.jpg', 0, 'j', '.jpg', '/media/cafe/gallery/ZECW5NHZ/99687785854', '2013-09-01 12:12:48', NULL, 1, 0),
('63652398154', 'ZECW5NHZ', 'GLY', NULL, 'm', 'Cannes_6.jpg', 0, 'k', '.jpg', '/media/cafe/gallery/ZECW5NHZ/63652398154', '2013-09-01 12:13:56', NULL, 1, 0),
('33597552763', 'ZECW5NHZ', 'GLY', NULL, 'm', 'Cannes_7.jpg', 0, 'm', '.jpg', '/media/cafe/gallery/ZECW5NHZ/33597552763', '2013-09-01 12:14:16', NULL, 1, 0),
('82726595961', 'OF0ELF7G', 'GLY', NULL, 'j', 'istanbul_even.jpg', 0, 'u', '.jpg', '/media/cafe/gallery/OF0ELF7G/82726595961', '2013-09-01 12:19:23', '2013-09-01 12:20:36', 1, 1),
('65557816552', 'OF0ELF7G', 'GLY', NULL, 'n', 'istanbul_1.jpg', 0, 'n', '.jpg', '/media/cafe/gallery/OF0ELF7G/65557816552', '2013-09-01 12:21:11', '2013-09-01 12:40:45', 1, 1),
('31742883629', 'OF0ELF7G', 'GLY', NULL, 'n', 'istanbul_2.jpg', 0, 'n', '.jpg', '/media/cafe/gallery/OF0ELF7G/31742883629', '2013-09-01 12:21:34', '2013-09-01 12:40:50', 1, 1),
('57989652998', 'OF0ELF7G', 'GLY', NULL, 'j', 'istanbul_3.jpg', 0, 'j', '.jpg', '/media/cafe/gallery/OF0ELF7G/57989652998', '2013-09-01 12:22:05', '2013-09-01 12:40:54', 1, 1),
('35542967936', 'OF0ELF7G', 'GLY', NULL, 'm', 'EAR-Istinye-1.jpg', 0, 'n', '.jpg', '/media/cafe/gallery/OF0ELF7G/35542967936', '2013-09-01 12:42:08', NULL, 1, 0),
('62737369845', 'OF0ELF7G', 'GLY', NULL, 'b', 'EAR-Istinye-2.jpg', 0, 'n', '.jpg', '/media/cafe/gallery/OF0ELF7G/62737369845', '2013-09-01 12:42:35', NULL, 1, 0),
('97959525846', 'OF0ELF7G', 'GLY', NULL, 'n', 'EAR-Istinye-3.jpg', 0, 'n', '.jpg', '/media/cafe/gallery/OF0ELF7G/97959525846', '2013-09-01 12:42:52', NULL, 1, 0),
('52589853481', 'I5Y2WBY7', 'GLY', NULL, 'm', 'istanbul_1.jpg', 0, 'nm', '.jpg', '/media/cafe/gallery/I5Y2WBY7/52589853481', '2013-09-01 12:44:05', NULL, 1, 0),
('23365967118', 'I5Y2WBY7', 'GLY', NULL, 'n', 'istanbul_2.jpg', 0, 'n', '.jpg', '/media/cafe/gallery/I5Y2WBY7/23365967118', '2013-09-01 12:44:29', NULL, 1, 0),
('69355713711', 'I5Y2WBY7', 'GLY', NULL, 'j', 'istanbul_3.jpg', 0, 'n', '.jpg', '/media/cafe/gallery/I5Y2WBY7/69355713711', '2013-09-01 12:44:52', NULL, 1, 0),
('26512427935', 'NP01IZ93', 'FTR', NULL, 'n', 'mil_0.jpg', 0, 'bbb', '.jpg', '/media/cafe/featured/NP01IZ93/26512427935', '2013-09-01 12:56:08', '2013-09-23 02:35:32', 1, 1),
('55216643133', '9JGPOY1B', 'GLY', NULL, 'j', 'stantiago_2.jpg', 0, 'j', '.jpg', '/media/cafe/gallery/9JGPOY1B/55216643133', '2013-09-01 13:11:58', '2013-09-30 18:33:49', 1, 1),
('56132861912', '9JGPOY1B', 'GLY', NULL, 'm', 'stantiago_3.jpg', 0, 'm', '.jpg', '/media/cafe/gallery/9JGPOY1B/56132861912', '2013-09-01 13:12:14', '2013-09-30 18:33:51', 1, 1),
('86696766393', '9JGPOY1B', 'GLY', NULL, 'h', 'stantiago_4.jpg', 0, 'h', '.jpg', '/media/cafe/gallery/9JGPOY1B/86696766393', '2013-09-01 13:12:33', '2013-09-30 18:33:54', 1, 1),
('39473935494', '9JGPOY1B', 'GLY', NULL, 'j', 'stantiago_5.jpg', 0, 'h', '.jpg', '/media/cafe/gallery/9JGPOY1B/39473935494', '2013-09-01 13:12:58', '2013-09-30 18:33:59', 1, 1),
('32332555237', '9JGPOY1B', 'GLY', NULL, 'k', 'stantiago_6.jpg', 0, 'n', '.jpg', '/media/cafe/gallery/9JGPOY1B/32332555237', '2013-09-01 13:13:19', '2013-09-30 18:34:01', 1, 1),
('42875399279', 'SYKQI8Q2', 'GLY', NULL, 'k', 'doha-1.jpg', 0, 'k', '.jpg', '/media/cafe/gallery/SYKQI8Q2/42875399279', '2013-09-01 13:16:38', NULL, 1, 0),
('61813999224', 'SYKQI8Q2', 'GLY', NULL, 'r', 'doha-2.jpg', 0, 'j', '.jpg', '/media/cafe/gallery/SYKQI8Q2/61813999224', '2013-09-01 13:19:25', NULL, 1, 0),
('54824136342', 'SYKQI8Q2', 'GLY', NULL, 'k', 'doha-3.jpg', 0, 'n', '.jpg', '/media/cafe/gallery/SYKQI8Q2/54824136342', '2013-09-01 13:19:43', NULL, 1, 0),
('38628361981', 'SYKQI8Q2', 'GLY', NULL, 'k', 'doha-4.jpg', 0, 'k', '.jpg', '/media/cafe/gallery/SYKQI8Q2/38628361981', '2013-09-01 13:19:59', NULL, 1, 0),
('51534758882', 'GAYNAANZ', 'GLY', NULL, 'j', 'Emirates_1.jpg', 0, 'k', '.jpg', '/media/cafe/gallery/GAYNAANZ/51534758882', '2013-09-01 13:24:49', NULL, 1, 0),
('84828696483', 'GAYNAANZ', 'GLY', NULL, 'j', 'Emirates_2.jpg', 0, 'j', '.jpg', '/media/cafe/gallery/GAYNAANZ/84828696483', '2013-09-01 13:25:03', NULL, 1, 0),
('91895128565', 'XXU62SNB', 'GLY', NULL, 'm', 'dubai3.jpg', 0, 'j', '.jpg', '/media/cafe/gallery/XXU62SNB/91895128565', '2013-09-01 13:34:50', NULL, 1, 0),
('73985929838', 'XXU62SNB', 'GLY', NULL, 'k', 'dubai4.jpg', 0, 'k', '.jpg', '/media/cafe/gallery/XXU62SNB/73985929838', '2013-09-01 13:35:10', NULL, 1, 0),
('59582768974', 'XXU62SNB', 'GLY', NULL, 'j', 'dubai5.jpg', 0, 'k', '.jpg', '/media/cafe/gallery/XXU62SNB/59582768974', '2013-09-01 13:35:58', NULL, 1, 0),
('75381229315', 'XXU62SNB', 'GLY', NULL, 'l', 'dubay1.jpg', 0, 'm', '.jpg', '/media/cafe/gallery/XXU62SNB/75381229315', '2013-09-01 13:36:32', NULL, 1, 0),
('58396479793', 'XXU62SNB', 'GLY', NULL, 'lkj', 'dubay1.jpg', 0, 'm', '.jpg', '/media/cafe/gallery/XXU62SNB/58396479793', '2013-09-01 13:36:54', NULL, 1, 0),
('41641272371', 'UXD6XWP2', 'GLY', NULL, 'm', 'EAC-Kuwait-1.jpg', 0, 'm', '.jpg', '/media/cafe/gallery/UXD6XWP2/41641272371', '2013-09-01 13:44:17', NULL, 1, 0),
('82183872329', 'NP01IZ93', 'FTRL', NULL, 'kkk', 'EA_CAFFE.png', 0, 'kkk', '.png', '/media/cafe/featured/NP01IZ93/82183872329', '2013-09-01 14:41:24', NULL, 1, 0),
('68597485891', 'I22QOQHM', 'FTR', NULL, 'k', 'ANOBU_even.jpg', 0, 'n', '.jpg', '/media/cafe/featured/I22QOQHM/68597485891', '2013-09-01 15:32:56', '2013-09-23 02:32:00', 1, 1),
('37168485295', 'I22QOQHM', 'FTRL', NULL, 'm', 'Armani_RISTORANTE.png', 0, 'n', '.png', '/media/cafe/featured/I22QOQHM/37168485295', '2013-09-01 15:33:28', '2013-10-31 17:16:59', 1, 1),
('44485866618', '7O3ULISI', 'FTR', NULL, 'm', 'AP_Milan_1.jpg', 0, 'n', '.jpg', '/media/cafe/featured/7O3ULISI/44485866618', '2013-09-01 15:34:30', '2013-09-23 02:29:25', 1, 1),
('22249258297', '7O3ULISI', 'FTRL', NULL, 'o', 'Armani_PRIVE.png', 0, 'l', '.png', '/media/cafe/featured/7O3ULISI/22249258297', '2013-09-01 15:34:51', NULL, 1, 0),
('34354874477', 'V3184BOT', 'FTR', NULL, 'nn', 'NY_loc_even.jpg', 0, 'iii', '.jpg', '/media/cafe/featured/V3184BOT/34354874477', '2013-09-01 21:59:34', '2013-09-03 16:52:07', 1, 1),
('78711293675', 'V3184BOT', 'FTRL', NULL, 'mmm', 'Armani_RISTORANTE.png', 0, 'k', '.png', '/media/cafe/featured/V3184BOT/78711293675', '2013-09-01 21:59:55', '2013-10-31 17:09:38', 1, 1),
('16689957942', 'VOTM0P3X', 'FTR', NULL, 'm', 'even.jpg', 0, 'm', '.jpg', '/media/cafe/featured/VOTM0P3X/16689957942', '2013-09-01 22:16:36', '2013-09-23 01:26:54', 1, 1),
('57446935228', 'VOTM0P3X', 'FTRL', NULL, 'm', 'EA_CAFFE.png', 0, 'k', '.png', '/media/cafe/featured/VOTM0P3X/57446935228', '2013-09-01 22:17:01', NULL, 1, 0),
('39372251689', '9JGPOY1B', 'FTR', NULL, 'kj', 'stantiago_even.jpg', 0, 'n', '.jpg', '/media/cafe/featured/9JGPOY1B/39372251689', '2013-09-01 22:41:45', '2013-09-01 22:44:39', 1, 1),
('47978519941', '9JGPOY1B', 'FTRL', NULL, 'll', 'EA_CAFFE.png', 0, 'k', '.png', '/media/cafe/featured/9JGPOY1B/47978519941', '2013-09-01 22:29:06', NULL, 1, 0),
('11417873541', '9JGPOY1B', 'FTR', NULL, 'kk', 'stantiago_even.jpg', 0, 'm', '.jpg', '/media/cafe/featured/9JGPOY1B/11417873541', '2013-09-01 22:45:03', '2013-09-22 09:29:43', 1, 1),
('57466854493', 'I7S0QNCL', 'FTR', NULL, 'm', 'ginza_loc_even.jpg', 0, 'nb', '.jpg', '/media/cafe/featured/I7S0QNCL/57466854493', '2013-09-01 22:58:05', '2013-09-23 02:22:50', 1, 1),
('97128934292', 'I7S0QNCL', 'FTRL', NULL, 'jj', 'Armani_RISTORANTE.png', 0, 'jjj', '.png', '/media/cafe/featured/I7S0QNCL/97128934292', '2013-09-01 22:58:18', NULL, 1, 0),
('47649381371', 'VOTM0P3X', 'GLY', 2, 'l', 'shim.jpg', 0, 'm', '.jpg', '/media/cafe/gallery/VOTM0P3X/47649381371', '2013-09-01 23:05:52', '2013-09-23 01:28:03', 1, 1),
('53534964199', 'W90YOTP5', 'GLY', 2, 'll', 'shim.jpg', 0, 'j', '.jpg', '/media/cafe/gallery/W90YOTP5/53534964199', '2013-09-01 23:13:26', '2013-09-23 02:20:25', 1, 1),
('48469773976', 'W90YOTP5', 'FTR', NULL, 'k', 'even.jpg', 0, 'n', '.jpg', '/media/cafe/featured/W90YOTP5/48469773976', '2013-09-01 23:14:45', '2013-09-23 02:21:17', 1, 1),
('28545553674', 'W90YOTP5', 'FTRL', NULL, 'l', 'Armani_PRIVE.png', 0, 'j', '.png', '/media/cafe/featured/W90YOTP5/28545553674', '2013-09-01 23:15:05', NULL, 1, 0),
('74167739868', '6K6FZMAY', 'FTR', NULL, 'k', 'even.jpg', 0, 'm', '.jpg', '/media/cafe/featured/6K6FZMAY/74167739868', '2013-09-01 23:37:22', '2013-09-01 23:43:15', 1, 1),
('53177151662', '6K6FZMAY', 'FTRL', NULL, 'j', 'EA_CAFFE.png', 0, 'm', '.png', '/media/cafe/featured/6K6FZMAY/53177151662', '2013-09-01 23:37:43', NULL, 1, 0),
('92126196145', '6K6FZMAY', 'FTR', NULL, 'mmm', 'aoyama_even.jpg', 0, 'mm', '.jpg', '/media/cafe/featured/6K6FZMAY/92126196145', '2013-09-01 23:43:31', '2013-09-30 18:20:49', 1, 1),
('52244443842', 'PHK79WZT', 'GLY', 2, 'mm', 'shim.jpg', 0, 'mm', '.jpg', '/media/cafe/gallery/PHK79WZT/52244443842', '2013-09-01 23:50:01', '2013-09-23 02:10:37', 1, 1),
('28846457392', 'PHK79WZT', 'FTR', NULL, 'm', 'even.jpg', 0, 'nm', '.jpg', '/media/cafe/featured/PHK79WZT/28846457392', '2013-09-01 23:50:24', '2013-09-23 02:11:27', 1, 1),
('47873891522', 'PHK79WZT', 'FTRL', NULL, 'n', 'Armani_PRIVE.png', 0, 'ol', '.png', '/media/cafe/featured/PHK79WZT/47873891522', '2013-09-01 23:51:01', NULL, 1, 0),
('41455455646', '1QMUOJVX', 'GLY', 2, 'mm', 'shim.jpg', 0, 'm', '.jpg', '/media/cafe/gallery/1QMUOJVX/41455455646', '2013-09-02 00:01:31', '2013-09-23 02:02:15', 1, 1),
('93316946816', '1QMUOJVX', 'FTR', NULL, 'mm', 'even.jpg', 0, 'nnn', '.jpg', '/media/cafe/featured/1QMUOJVX/93316946816', '2013-09-02 00:01:55', '2013-09-23 02:02:53', 1, 1),
('64777449369', '1QMUOJVX', 'FTRL', NULL, 'm', 'Armani_RISTORANTE.png', 0, 'mn', '.png', '/media/cafe/featured/1QMUOJVX/64777449369', '2013-09-02 00:02:17', '2013-09-10 01:43:20', 1, 1),
('88882386859', 'RNEK69PT', 'FTR', NULL, 'l', 'par_even.jpg', 0, 'i', '.jpg', '/media/cafe/featured/RNEK69PT/88882386859', '2013-09-02 00:20:09', '2013-09-23 01:57:37', 1, 1),
('48795641678', 'RNEK69PT', 'FTRL', NULL, 'k', 'par_even.jpg', 0, 'm', '.jpg', '/media/cafe/featured/RNEK69PT/48795641678', '2013-09-02 00:20:29', '2013-09-02 00:20:35', 1, 1),
('96948664887', 'RNEK69PT', 'FTRL', NULL, '0', 'EA_CAFFE.png', 0, 'n', '.png', '/media/cafe/featured/RNEK69PT/96948664887', '2013-09-02 00:20:58', NULL, 1, 0),
('33497274159', 'ZECW5NHZ', 'FTR', NULL, 'm', 'Cannes_even.jpg', 0, 'o', '.jpg', '/media/cafe/featured/ZECW5NHZ/33497274159', '2013-09-02 00:33:46', '2013-09-23 01:50:51', 1, 1),
('98385998885', 'ZECW5NHZ', 'FTRL', NULL, 'j', 'EA_CAFFE.png', 0, 'k', '.png', '/media/cafe/featured/ZECW5NHZ/98385998885', '2013-09-02 00:34:06', '2013-09-10 00:54:35', 1, 1),
('88162969743', 'OF0ELF7G', 'FTR', NULL, 'n', 'EAR-Istinye-even.jpg', 0, 'kiu', '.jpg', '/media/cafe/featured/OF0ELF7G/88162969743', '2013-09-02 00:44:24', '2013-09-23 01:39:00', 1, 1),
('78588964436', 'OF0ELF7G', 'FTRL', NULL, 'kk', 'Armani_RISTORANTE.png', 0, 'k', '.png', '/media/cafe/featured/OF0ELF7G/78588964436', '2013-09-02 00:44:45', NULL, 1, 0),
('63793657788', 'I5Y2WBY7', 'FTR', NULL, 'lk', 'istanbul_even.jpg', 0, 'm', '.jpg', '/media/cafe/featured/I5Y2WBY7/63793657788', '2013-09-02 00:50:03', '2013-09-23 01:36:11', 1, 1),
('54682966554', 'I5Y2WBY7', 'FTRL', NULL, 'k', 'EA_CAFFE.png', 0, 'm', '.png', '/media/cafe/featured/I5Y2WBY7/54682966554', '2013-09-02 00:50:27', NULL, 1, 0),
('62893784393', 'SYKQI8Q2', 'FTR', NULL, 'l', 'doha_even.jpg', 0, 'm', '.jpg', '/media/cafe/featured/SYKQI8Q2/62893784393', '2013-09-02 00:58:43', '2013-09-23 01:19:22', 1, 1),
('58152241636', 'SYKQI8Q2', 'FTRL', NULL, 'k', 'EA_CAFFE.png', 0, 'm', '.png', '/media/cafe/featured/SYKQI8Q2/58152241636', '2013-09-02 00:59:05', NULL, 1, 0),
('57596813931', 'GAYNAANZ', 'FTR', NULL, 'l', 'Emirates_even.jpg', 0, 'm', '.jpg', '/media/cafe/featured/GAYNAANZ/57596813931', '2013-09-02 01:04:32', '2013-09-23 01:10:37', 1, 1),
('46547561728', 'GAYNAANZ', 'FTRL', NULL, 'm', 'EA_CAFFE.png', 0, 'iu', '.png', '/media/cafe/featured/GAYNAANZ/46547561728', '2013-09-02 01:04:54', NULL, 1, 0),
('88675619776', 'XXU62SNB', 'FTR', NULL, 'k', 'dubai4_loc_even.jpg', 0, 'k', '.jpg', '/media/cafe/featured/XXU62SNB/88675619776', '2013-09-02 01:18:26', '2013-09-23 01:03:23', 1, 1),
('98986771879', 'XXU62SNB', 'FTRL', NULL, 'l', 'EA_CAFFE.png', 0, 'k', '.png', '/media/cafe/featured/XXU62SNB/98986771879', '2013-09-02 01:18:59', '2013-09-10 00:52:00', 1, 1),
('87134833832', 'YLCGVG65', 'GLY', 2, 'l', 'shim.jpg', 0, 'k', '.jpg', '/media/cafe/gallery/YLCGVG65/87134833832', '2013-09-02 01:26:24', '2013-09-23 00:25:24', 1, 1),
('88224752677', 'YLCGVG65', 'FTR', NULL, 'm', 'even.jpg', 0, 'm', '.jpg', '/media/cafe/featured/YLCGVG65/88224752677', '2013-09-02 01:26:44', '2013-09-23 00:26:28', 1, 1),
('23398548676', 'YLCGVG65', 'FTRL', NULL, 'k', 'EA_CAFFE.png', 0, 'm', '.png', '/media/cafe/featured/YLCGVG65/23398548676', '2013-09-02 01:27:04', NULL, 1, 0),
('29514194526', 'UXD6XWP2', 'FTR', NULL, 'l', 'EAC-Kuwait_event.jpg', 0, 'k', '.jpg', '/media/cafe/featured/UXD6XWP2/29514194526', '2013-09-02 01:32:11', '2013-09-23 00:20:44', 1, 1),
('97975361371', 'UXD6XWP2', 'FTRL', NULL, 'm', 'EA_CAFFE.png', 0, 'm', '.png', '/media/cafe/featured/UXD6XWP2/97975361371', '2013-09-02 01:32:31', NULL, 1, 0),
('19184512562', '6JSJ9NNR', 'GLY', 2, 'n', 'shim.jpg', 0, 'k', '.jpg', '/media/cafe/gallery/6JSJ9NNR/19184512562', '2013-09-02 01:34:37', '2013-09-22 23:33:26', 1, 1),
('49656535243', '6JSJ9NNR', 'FTR', NULL, 'l', 'even.jpg', 0, 'k', '.jpg', '/media/cafe/featured/6JSJ9NNR/49656535243', '2013-09-02 01:35:13', '2013-09-22 23:53:23', 1, 1),
('44914375934', '6JSJ9NNR', 'FTRL', NULL, 'l', 'Armani_PRIVE.png', 0, 'k', '.png', '/media/cafe/featured/6JSJ9NNR/44914375934', '2013-09-02 01:35:24', '2013-09-10 00:53:02', 1, 1),
('36384644833', 'V3184BOT', 'FTR', NULL, 'ee', 'NY_loc_even.jpg', 0, 'eee', '.jpg', '/media/cafe/featured/V3184BOT/36384644833', '2013-09-03 16:52:23', '2013-09-03 16:58:07', 1, 1),
('79452193498', 'V3184BOT', 'FTR', NULL, '444', 'NY_loc_even.jpg', 0, '444', '.jpg', '/media/cafe/featured/V3184BOT/79452193498', '2013-09-03 16:58:17', '2013-09-09 10:43:37', 1, 1),
('13889566914', 'E4F5WCSA', 'GLY', 2, 'a', 'cafe-img.jpg', 0, 'a', '.jpg', '/media/cafe/gallery/E4F5WCSA/13889566914', '2013-09-07 22:04:01', '2013-09-07 22:23:59', 1, 1),
('46567942545', 'E4F5WCSA', 'GLY', 2, 'ascasdc', 'cafe-img.jpg', 0, 'ascasdc', '.jpg', '/media/cafe/gallery/E4F5WCSA/46567942545', '2013-09-07 22:24:10', NULL, 1, 0),
('32515236124', 'V3184BOT', 'FTR', NULL, 'ee', 'NY_loc_even.jpg', 0, 'eee', '.jpg', '/media/cafe/featured/V3184BOT/32515236124', '2013-09-09 10:44:04', NULL, 1, 0),
('22961342897', 'E4F5WCSA', 'GLY', 1, 'oo', 'ginza_3.jpg', 0, 'pp', '.jpg', '/media/cafe/gallery/E4F5WCSA/22961342897', '2013-09-10 00:03:19', '2013-09-10 00:03:30', 0, 0),
('45669247833', 'XXU62SNB', 'FTRL', NULL, 'iii', 'ARMANI_DubaiCaffe_BOLD.png', 0, 'mmm', '.png', '/media/cafe/featured/XXU62SNB/45669247833', '2013-09-10 00:52:32', '2013-10-31 17:18:43', 1, 1),
('41849285733', '6JSJ9NNR', 'FTRL', NULL, 'jjj', 'Armani_caffe.png', 0, 'iu', '.png', '/media/cafe/featured/6JSJ9NNR/41849285733', '2013-09-10 00:53:30', NULL, 1, 0),
('99662412676', 'ZECW5NHZ', 'FTRL', NULL, 'nbv', 'Armani_caffe.png', 0, 'kk', '.png', '/media/cafe/featured/ZECW5NHZ/99662412676', '2013-09-10 00:55:00', NULL, 1, 0),
('22423228155', '1QMUOJVX', 'FTRL', NULL, 'll', 'acqua_logo_DEF.png', 0, 'lll', '.png', '/media/cafe/featured/1QMUOJVX/22423228155', '2013-09-10 01:43:48', '2013-09-10 01:46:03', 1, 1),
('12663355785', '1QMUOJVX', 'FTRL', NULL, 'aasa', 'acqua_logo_DEF.png', 0, 'zaz', '.png', '/media/cafe/featured/1QMUOJVX/12663355785', '2013-09-10 01:46:34', NULL, 1, 0),
('67141123132', 'E4F5WCSA', 'FTR', NULL, 'w', 'f1.jpg', 0, 'd', '.jpg', '/media/cafe/featured/E4F5WCSA/67141123132', '2013-09-13 12:11:21', NULL, 1, 0),
('81733356518', 'V3184BOT', 'FTRX', NULL, 'ff', 'NY_loc_full.jpg', 0, 'sdsds', '.jpg', '/media/cafe/featured/V3184BOT/81733356518', '2013-09-22 09:05:35', '2013-09-22 09:57:19', 1, 1),
('78554787399', 'V3184BOT', 'FTRX', NULL, 'kkk', 'NY_loc_full.jpg', 0, 'mm', '.jpg', '/media/cafe/featured/V3184BOT/78554787399', '2013-09-21 16:51:11', '2013-09-22 09:04:49', 1, 1),
('28783196557', '9JGPOY1B', 'FTRX', NULL, 'kkk', 'stantiago_even.jpg', 0, 'mjj', '.jpg', '/media/cafe/featured/9JGPOY1B/28783196557', '2013-09-22 09:30:07', '2013-09-22 09:36:40', 1, 1),
('41373242614', '9JGPOY1B', 'FTR', NULL, 'kk', 'stantiago_even.jpg', 0, 'mk', '.jpg', '/media/cafe/featured/9JGPOY1B/41373242614', '2013-09-22 09:36:57', '2013-09-30 18:22:54', 1, 1),
('67199736264', '9JGPOY1B', 'FTRX', NULL, 'k', 'stantiago_full.jpg', 0, 'k', '.jpg', '/media/cafe/featured/9JGPOY1B/67199736264', '2013-09-22 09:37:19', '2013-09-22 09:51:27', 1, 1),
('14441847874', '9JGPOY1B', 'FTRX', NULL, 'll', 'stantiago_full.jpg', 0, 'k', '.jpg', '/media/cafe/featured/9JGPOY1B/14441847874', '2013-09-22 09:51:53', '2013-09-30 18:22:52', 1, 1),
('44495148418', 'V3184BOT', 'FTRX', NULL, 'lll', 'NY_loc_full.jpg', 0, 'lll', '.jpg', '/media/cafe/featured/V3184BOT/44495148418', '2013-09-22 09:57:58', NULL, 1, 0),
('55595591284', '6JSJ9NNR', 'GLY', 2, 'j', 'Logo_01.jpg', 0, 'j', '.jpg', '/media/cafe/gallery/6JSJ9NNR/55595591284', '2013-09-22 23:33:16', '2013-09-23 00:00:33', 1, 1),
('72785953412', '6JSJ9NNR', 'FTR', NULL, 'k', 'dummy_even.png', 0, 'j', '.png', '/media/cafe/featured/6JSJ9NNR/72785953412', '2013-09-22 23:53:42', NULL, 1, 0),
('97295343425', '6JSJ9NNR', 'FTRX', NULL, 'm', 'dummy_full.png', 0, 'n', '.png', '/media/cafe/featured/6JSJ9NNR/97295343425', '2013-09-22 23:54:05', NULL, 1, 0),
('48615383346', '6JSJ9NNR', 'GLY', 2, 'mm', 'Logo_01.png', 0, 'mm', '.png', '/media/cafe/gallery/6JSJ9NNR/48615383346', '2013-09-23 00:00:29', '2013-09-23 00:50:41', 1, 1),
('89432625188', 'UXD6XWP2', 'FTRX', NULL, 'n', 'EAC-Kuwait_full.jpg', 0, 'n', '.jpg', '/media/cafe/featured/UXD6XWP2/89432625188', '2013-09-23 00:20:22', NULL, 1, 0),
('25574527165', 'UXD6XWP2', 'FTR', NULL, 'l', 'EAC-Kuwait_event.jpg', 0, 'mmm', '.jpg', '/media/cafe/featured/UXD6XWP2/25574527165', '2013-09-23 00:23:13', NULL, 1, 0),
('39765782118', 'YLCGVG65', 'GLY', 2, 'm', 'Logo_01.png', 0, 'm', '.png', '/media/cafe/gallery/YLCGVG65/39765782118', '2013-09-23 00:25:58', NULL, 1, 0),
('69481958581', 'YLCGVG65', 'FTR', NULL, 'jj', 'dummy_even.png', 0, 'jjj', '.png', '/media/cafe/featured/YLCGVG65/69481958581', '2013-09-23 00:26:57', '2013-09-30 18:31:27', 1, 1),
('21267554112', 'YLCGVG65', 'FTRX', NULL, 'hh', 'dummy_full.png', 0, 'hh', '.png', '/media/cafe/featured/YLCGVG65/21267554112', '2013-09-23 00:27:24', '2013-09-30 18:31:30', 1, 1),
('62324733536', 'UXD6XWP2', 'GLY', 2, 'm', 'EAC Kuwait 1.jpg', 0, 'm', '.jpg', '/media/cafe/gallery/UXD6XWP2/62324733536', '2013-09-23 00:28:34', NULL, 1, 0),
('56345626735', '6JSJ9NNR', 'GLY', 2, 'k', 'Logo_06.png', 0, 'm', '.png', '/media/cafe/gallery/6JSJ9NNR/56345626735', '2013-09-23 00:50:36', NULL, 1, 0),
('79516945619', 'XXU62SNB', 'FTR', NULL, 'mm', 'dubai4_loc_even.jpg', 0, 'x', '.jpg', '/media/cafe/featured/XXU62SNB/79516945619', '2013-09-23 01:03:52', NULL, 1, 0),
('92764991888', 'XXU62SNB', 'FTRX', NULL, 'k', 'AC-dubai_full.jpg', 0, 'sss', '.jpg', '/media/cafe/featured/XXU62SNB/92764991888', '2013-09-23 01:06:58', NULL, 1, 0),
('44741275176', 'GAYNAANZ', 'FTR', NULL, 'p', 'Emirates_even.jpg', 0, 'm', '.jpg', '/media/cafe/featured/GAYNAANZ/44741275176', '2013-09-23 01:11:02', NULL, 1, 0),
('18274722836', 'GAYNAANZ', 'FTRX', NULL, 'll', 'Emirates_full.jpg', 0, 'm', '.jpg', '/media/cafe/featured/GAYNAANZ/18274722836', '2013-09-23 01:13:35', '2013-09-23 01:18:33', 1, 1),
('64683411843', 'GAYNAANZ', 'FTRX', NULL, 'o', 'Emirates_ful2l.jpg', 0, 'k', '.jpg', '/media/cafe/featured/GAYNAANZ/64683411843', '2013-09-23 01:18:57', NULL, 1, 0),
('18188977142', 'SYKQI8Q2', 'FTRX', NULL, '9', 'Emirates_full.jpg', 0, 'k', '.jpg', '/media/cafe/featured/SYKQI8Q2/18188977142', '2013-09-23 01:19:51', NULL, 1, 0),
('43758355789', 'SYKQI8Q2', 'FTR', NULL, 'd', 'doha_even.jpg', 0, 'nn', '.jpg', '/media/cafe/featured/SYKQI8Q2/43758355789', '2013-09-23 01:20:35', NULL, 1, 0),
('52185967458', 'VOTM0P3X', 'FTR', NULL, 'k', 'dummy_even.png', 0, 'j', '.png', '/media/cafe/featured/VOTM0P3X/52185967458', '2013-09-23 01:27:11', NULL, 1, 0),
('37536236844', 'VOTM0P3X', 'FTRX', NULL, 'k', 'dummy_full.png', 0, 'k', '.png', '/media/cafe/featured/VOTM0P3X/37536236844', '2013-09-23 01:27:30', NULL, 1, 0),
('54194813799', 'VOTM0P3X', 'GLY', 2, 'k', 'Logo_01.png', 0, 'j', '.png', '/media/cafe/gallery/VOTM0P3X/54194813799', '2013-09-23 01:27:57', NULL, 1, 0),
('76745626595', 'I5Y2WBY7', 'FTR', NULL, 'll', 'istanbul_even.jpg', 0, 'mk', '.jpg', '/media/cafe/featured/I5Y2WBY7/76745626595', '2013-09-23 01:36:35', NULL, 1, 0),
('99188121891', 'I5Y2WBY7', 'FTRX', NULL, 'l', 'istanbul_full.jpg', 0, 'm', '.jpg', '/media/cafe/featured/I5Y2WBY7/99188121891', '2013-09-23 01:36:57', NULL, 1, 0),
('27888983231', 'OF0ELF7G', 'FTR', NULL, 'i', 'EAR-Istinye-even.jpg', 0, 'm', '.jpg', '/media/cafe/featured/OF0ELF7G/27888983231', '2013-09-23 01:39:26', NULL, 1, 0),
('51132987363', 'OF0ELF7G', 'FTRX', NULL, 'lll', 'EAR-Istinye-full.jpg', 0, 'kkk', '.jpg', '/media/cafe/featured/OF0ELF7G/51132987363', '2013-09-23 01:42:04', NULL, 1, 0),
('63825666924', 'ZECW5NHZ', 'FTR', NULL, 'hhh', 'Cannes_even.jpg', 0, 'kkkk', '.jpg', '/media/cafe/featured/ZECW5NHZ/63825666924', '2013-09-23 01:51:23', NULL, 1, 0),
('85289255289', 'ZECW5NHZ', 'FTRX', NULL, 'hhh', 'Cannes_even.jpg', 0, 'kkkk', '.jpg', '/media/cafe/featured/ZECW5NHZ/85289255289', '2013-09-23 01:54:26', '2013-09-23 01:54:35', 1, 1),
('16786322857', 'ZECW5NHZ', 'FTRX', NULL, 'dd', 'Cannes_full.jpg', 0, 'ss', '.jpg', '/media/cafe/featured/ZECW5NHZ/16786322857', '2013-09-23 01:54:56', NULL, 1, 0),
('38183141893', 'RNEK69PT', 'FTR', NULL, 'l', 'par_even.jpg', 0, 'k', '.jpg', '/media/cafe/featured/RNEK69PT/38183141893', '2013-09-23 01:58:03', NULL, 1, 0),
('52791798791', 'RNEK69PT', 'FTRX', NULL, 'l', 'par_full.jpg', 0, 'll', '.jpg', '/media/cafe/featured/RNEK69PT/52791798791', '2013-09-23 02:00:18', NULL, 1, 0),
('48862379286', '1QMUOJVX', 'GLY', 2, 'k', 'Logo_05.jpg', 0, 'j', '.jpg', '/media/cafe/gallery/1QMUOJVX/48862379286', '2013-09-23 02:02:37', NULL, 1, 0),
('66898399972', '1QMUOJVX', 'FTR', NULL, 'l', 'dummy_even.png', 0, 'n', '.png', '/media/cafe/featured/1QMUOJVX/66898399972', '2013-09-23 02:03:44', NULL, 1, 0),
('33678569827', '1QMUOJVX', 'FTRX', NULL, 'kk', 'dummy_full.png', 0, 'jjj', '.png', '/media/cafe/featured/1QMUOJVX/33678569827', '2013-09-23 02:05:26', NULL, 1, 0),
('88324559334', 'PHK79WZT', 'GLY', 2, 'k', 'Logo_03.jpg', 0, 'kkk', '.jpg', '/media/cafe/gallery/PHK79WZT/88324559334', '2013-09-23 02:11:06', NULL, 1, 0),
('78534231288', 'PHK79WZT', 'FTR', NULL, 'kk', 'dummy_even.png', 0, 'nnn', '.png', '/media/cafe/featured/PHK79WZT/78534231288', '2013-09-23 02:12:01', NULL, 1, 0),
('26947267249', 'PHK79WZT', 'FTRX', NULL, 'k', 'dummy_full.png', 0, 'kk', '.png', '/media/cafe/featured/PHK79WZT/26947267249', '2013-09-23 02:12:20', NULL, 1, 0),
('84247546836', '6K6FZMAY', 'FTRX', NULL, 'kkk', 'aoyama_full.jpg', 0, 'nn', '.jpg', '/media/cafe/featured/6K6FZMAY/84247546836', '2013-09-23 02:16:46', NULL, 1, 0),
('92237736674', 'W90YOTP5', 'GLY', 2, 'l', 'Logo_03.jpg', 0, 'k', '.jpg', '/media/cafe/gallery/W90YOTP5/92237736674', '2013-09-23 02:21:03', NULL, 1, 0),
('75532478461', 'W90YOTP5', 'FTR', NULL, 'll', 'dummy_even.png', 0, 'll', '.png', '/media/cafe/featured/W90YOTP5/75532478461', '2013-09-23 02:21:49', NULL, 1, 0),
('96284818585', 'W90YOTP5', 'FTRX', NULL, 'i', 'dummy_full.png', 0, 'k', '.png', '/media/cafe/featured/W90YOTP5/96284818585', '2013-09-23 02:22:08', NULL, 1, 0),
('12838527437', 'I7S0QNCL', 'FTR', NULL, 'i', 'ginza_loc_even.jpg', 0, 'jj', '.jpg', '/media/cafe/featured/I7S0QNCL/12838527437', '2013-09-23 02:23:55', NULL, 1, 0),
('54719865862', 'I7S0QNCL', 'FTRX', NULL, 'l', 'ginza_loc_full.jpg', 0, 'l', '.jpg', '/media/cafe/featured/I7S0QNCL/54719865862', '2013-09-23 02:25:32', NULL, 1, 0),
('25617482155', '7O3ULISI', 'FTR', NULL, 'l', 'prive_even.jpg', 0, 'kk', '.jpg', '/media/cafe/featured/7O3ULISI/25617482155', '2013-09-23 02:29:43', NULL, 1, 0),
('94825646186', '7O3ULISI', 'FTRX', NULL, 'm', 'prive_full.jpg', 0, 'm', '.jpg', '/media/cafe/featured/7O3ULISI/94825646186', '2013-09-23 02:31:10', NULL, 1, 0),
('18859349639', 'I22QOQHM', 'FTR', NULL, 'lll', 'ANOBU_even.jpg', 0, 'kk', '.jpg', '/media/cafe/featured/I22QOQHM/18859349639', '2013-09-23 02:32:20', NULL, 1, 0),
('39654513275', 'I22QOQHM', 'FTRX', NULL, 'kk', 'ANOBU_full.jpg', 0, 'k', '.jpg', '/media/cafe/featured/I22QOQHM/39654513275', '2013-09-23 02:34:07', NULL, 1, 0),
('78179327614', 'NP01IZ93', 'FTR', NULL, 'l', 'mil_0_even.jpg', 0, 'x', '.jpg', '/media/cafe/featured/NP01IZ93/78179327614', '2013-09-23 02:35:51', NULL, 1, 0),
('74588594329', 'NP01IZ93', 'FTRX', NULL, 'pp', 'ANOBU_full.jpg', 0, 'po', '.jpg', '/media/cafe/featured/NP01IZ93/74588594329', '2013-09-23 02:37:40', NULL, 1, 0),
('29819363475', '6K6FZMAY', 'FTR', NULL, 'dddd', 'ayo.jpg', 0, 'ddd', '.jpg', '/media/cafe/featured/6K6FZMAY/29819363475', '2013-09-30 18:21:03', NULL, 1, 0),
('39911659777', '9JGPOY1B', 'FTR', NULL, 'eee', 'S-MEDIUM.png', 0, 'eeee', '.png', '/media/cafe/featured/9JGPOY1B/39911659777', '2013-09-30 18:23:03', NULL, 1, 0),
('61493346788', '9JGPOY1B', 'FTRX', NULL, 'rr', 'S-BIG.png', 0, 'rr', '.png', '/media/cafe/featured/9JGPOY1B/61493346788', '2013-09-30 18:23:15', NULL, 1, 0),
('36847862653', 'YLCGVG65', 'FTR', NULL, 'ee', 'AD-MEDIUM.jpg', 0, 'eee', '.jpg', '/media/cafe/featured/YLCGVG65/36847862653', '2013-09-30 18:31:40', NULL, 1, 0),
('53573544179', 'YLCGVG65', 'FTRX', NULL, 'sas', 'AD-BIG.png', 0, 'sas', '.png', '/media/cafe/featured/YLCGVG65/53573544179', '2013-09-30 18:31:49', NULL, 1, 0),
('57417452662', '9JGPOY1B', 'GLY', 2, 'ee', 'sa-sample.png', 0, 'ee', '.png', '/media/cafe/gallery/9JGPOY1B/57417452662', '2013-09-30 18:34:13', NULL, 1, 0),
('21812436957', 'I22QOQHM', 'FTRL', NULL, 'eee', 'Armani_NOBU_bold_k.png', 0, 'www', '.png', '/media/cafe/featured/I22QOQHM/21812436957', '2013-10-31 17:17:08', NULL, 1, 0),
('74486426795', 'XXU62SNB', 'FTRL', NULL, 'dd', 'AC_DUBAI.png', 0, 'ddd', '.png', '/media/cafe/featured/XXU62SNB/74486426795', '2013-10-31 17:18:56', NULL, 1, 0);

-- --------------------------------------------------------

--
-- Table structure for table `category`
--

CREATE TABLE IF NOT EXISTS `category` (
  `category_code` varchar(100) NOT NULL,
  `category_name` varchar(100) DEFAULT NULL,
  `category_description` varchar(255) DEFAULT NULL,
  `category_added` datetime DEFAULT NULL,
  `category_updated` datetime DEFAULT NULL,
  `category_active` tinyint(1) DEFAULT '1',
  `category_deleted` tinyint(1) DEFAULT '0',
  PRIMARY KEY (`category_code`)
) ENGINE=InnoDB DEFAULT CHARSET=latin1;

--
-- Dumping data for table `category`
--

INSERT INTO `category` (`category_code`, `category_name`, `category_description`, `category_added`, `category_updated`, `category_active`, `category_deleted`) VALUES
('0663MJ9H', 'SPECIALS 24-31/12', 'SPECIALS 24-31/12<br>', '2013-12-19 15:57:06', NULL, 1, 0),
('0LMBB7TL', 'Risotti', '&nbsp;<br>', '2013-09-02 17:50:57', NULL, 1, 0),
('1EELR8A1', 'FROM SUSHI BAR', 'FROM SUSHI BAR<br>', '2013-12-20 17:40:52', NULL, 1, 0),
('1ZYA4SRZ', 'Panini dal forno a legna Pizza Dough', '&nbsp;&nbsp; <br>', '2013-09-02 17:52:42', NULL, 1, 0),
('2BWBOYVO', 'OMAKASE', 'OMAKASE<br>', '2013-12-20 17:40:34', NULL, 1, 0),
('4K4STZCI', 'Appertizers', NULL, '2013-08-18 14:25:35', NULL, 1, 0),
('4OV4TPI2', 'FROM KITCHEN', 'FROM KITCHEN<br>', '2013-12-20 17:41:01', NULL, 1, 0),
('5I7T6V5B', 'Starters', '&nbsp;<br>', '2013-09-02 16:37:27', NULL, 1, 0),
('6SO0QSLK', 'Cafe', NULL, '2013-08-28 22:45:12', '2013-08-29 20:16:06', 1, 1),
('6YTNWTFN', 'FROM PASTRY', 'FROM PASTRY<br>', '2013-12-20 17:41:09', NULL, 1, 0),
('78TQM9LG', 'Pasta Fresca', '&nbsp;<br>', '2013-09-02 17:50:26', NULL, 1, 0),
('7GSEG21A', 'Main Courses', NULL, '2013-08-18 14:32:37', NULL, 1, 0),
('ARIB7JG5', 'DESSERT', '&nbsp;<br>', '2013-09-02 15:23:49', '2013-09-02 15:25:25', 1, 1),
('AV5CT2J2', 'Panini dal forno a legna Pizza Dough', '&nbsp;&nbsp; <br>', '2013-09-02 17:52:27', '2013-09-02 17:52:54', 1, 1),
('EZSXQ4G3', 'Salads and Pasta', '&nbsp;<br>', '2013-09-02 16:28:09', NULL, 1, 0),
('KA2NHI82', 'Soups', NULL, '2013-08-18 14:31:51', NULL, 1, 0),
('KB5U95AF', 'APPETISERS AND SOUP', '&nbsp;<br>', '2013-09-02 16:25:01', '2013-09-02 16:25:07', 1, 1),
('NQJ1A3ID', 'STARTERS', '&nbsp;<br>', '2013-09-02 16:36:57', '2013-09-02 16:37:09', 1, 1),
('OIMUITIZ', 'COUVERT', '&nbsp;<br>', '2013-09-02 17:30:08', '2013-09-02 17:47:57', 1, 1),
('Q9KI9C8K', 'Panini', '&nbsp;<br>', '2013-09-02 16:27:54', NULL, 1, 0),
('QDA3DMOM', 'First Courses', NULL, '2013-08-18 14:32:15', NULL, 1, 0),
('QW3VIINN', 'Couvert', '&nbsp;<br>', '2013-09-02 17:48:15', NULL, 1, 0),
('S3DE0NE2', 'SPECIALS 24-31/12', 'SPECIALS 24-31/12<br>', '2013-12-19 15:53:30', NULL, 1, 0),
('SES1VUPV', 'Dessert', '&nbsp;<br>', '2013-09-02 15:25:43', NULL, 1, 0),
('SMHXJ5M4', 'Dessert', NULL, '2013-08-18 14:33:12', '2013-08-31 10:22:30', 1, 1),
('TR06TEAS', 'Panini dal forno a legna Pizza Dough', '&nbsp; <br>', '2013-09-02 17:52:19', '2013-09-02 17:52:49', 0, 1),
('VCBNH18D', 'Piatti diversi', '&nbsp;<br>', '2013-09-02 17:51:08', NULL, 1, 0),
('VMUT0R3S', 'Appetizers', '&nbsp;<br>', '2013-09-02 17:50:10', NULL, 1, 0),
('VOY84VR1', 'Appetisers and Soup', '&nbsp;<br>', '2013-09-02 16:25:48', NULL, 1, 0),
('VWJDF6B5', 'Drinks', NULL, '2013-08-31 10:25:18', NULL, 1, 0),
('WD7YTAV8', 'Panini dal forno a legna Pizza Dough', '&nbsp;&nbsp; <br>', '2013-09-02 17:52:35', '2013-09-02 17:52:58', 1, 1),
('WT9UI9NY', 'Pasta di grano duro', '&nbsp;<br>', '2013-09-02 17:50:44', NULL, 1, 0),
('Y19JA32O', 'Cafe', NULL, '2013-08-28 22:45:39', NULL, 1, 0),
('YONBM2SF', 'Pizza', '&nbsp;<br>', '2013-09-02 16:37:59', NULL, 1, 0);

-- --------------------------------------------------------

--
-- Table structure for table `city`
--

CREATE TABLE IF NOT EXISTS `city` (
  `city_code` varchar(100) NOT NULL DEFAULT '',
  `country_code` varchar(100) NOT NULL,
  `city_name` varchar(100) NOT NULL,
  `city_link` varchar(100) DEFAULT NULL,
  `city_shortDescription` varchar(255) DEFAULT NULL,
  `city_description` text,
  `city_added` datetime NOT NULL,
  `city_updated` datetime NOT NULL,
  `city_active` tinyint(1) NOT NULL DEFAULT '1',
  `city_deleted` tinyint(1) NOT NULL,
  PRIMARY KEY (`city_code`)
) ENGINE=InnoDB DEFAULT CHARSET=latin1;

--
-- Dumping data for table `city`
--

INSERT INTO `city` (`city_code`, `country_code`, `city_name`, `city_link`, `city_shortDescription`, `city_description`, `city_added`, `city_updated`, `city_active`, `city_deleted`) VALUES
('0I8HK76Z', 'C9XZO53Y', 'Doha', 'doha', NULL, NULL, '2013-08-31 14:31:38', '0000-00-00 00:00:00', 1, 0),
('33NFQYRW', 'DKAI87ZV', 'New York', 'new_york', NULL, NULL, '2013-08-31 14:10:22', '2013-08-31 14:10:30', 1, 0),
('4S40C00U', 'EGKHKORX', 'Aoyama', 'aoyama', NULL, NULL, '2013-08-31 14:22:54', '2013-10-08 16:27:49', 1, 1),
('4WAUEQ7R', 'DCTFAQS7', 'Hong Kong', 'hong_kong', NULL, NULL, '2013-08-31 14:26:22', '0000-00-00 00:00:00', 0, 0),
('6J6FE816', 'JRFID1H0', 'Paris', 'paris', '<br>', '<br>', '2013-08-18 12:47:06', '2013-08-31 14:08:28', 1, 1),
('8D889SRB', 'GIXD8O91', 'Sao Paulo', 'sao_paulo', NULL, NULL, '2013-08-31 14:30:52', '0000-00-00 00:00:00', 0, 0),
('9326NMKX', 'JRFID1H0', 'Cannes', 'cannes', NULL, NULL, '2013-08-31 14:29:33', '0000-00-00 00:00:00', 1, 0),
('AP607WUI', 'EGKHKORX', 'Ginza', 'ginza', '<br>', '<br>', '2013-08-18 12:46:52', '2013-10-08 16:27:58', 1, 1),
('MM7F7RYU', '4T0HL3FM', 'Santiago', 'santiago', NULL, NULL, '2013-08-31 14:31:12', '2013-10-02 12:11:29', 1, 0),
('MVR0TSBF', 'DE04ZRKZ', 'Kuwait City', 'kuwait_city', NULL, NULL, '2013-08-31 14:32:53', '0000-00-00 00:00:00', 1, 0),
('OYXTJO2V', '5GM5N2D8', 'Istanbul', 'istanbul', NULL, NULL, '2013-08-31 14:30:31', '2013-10-29 14:33:11', 1, 0),
('RAZ6P1Q4', 'FZPKGOX2', 'Beirut', 'beirut', NULL, NULL, '2013-08-31 14:33:19', '0000-00-00 00:00:00', 0, 0),
('RPB1WQPO', '6GELXD7L', 'Abu Dhabi', 'abu_dhabi', NULL, NULL, '2013-08-31 14:32:28', '0000-00-00 00:00:00', 1, 0),
('SBCEGZAZ', 'JRFID1H0', 'Paris', 'paris', NULL, NULL, '2013-08-31 14:27:45', '0000-00-00 00:00:00', 1, 0),
('T0RLJILH', 'EGKHKORX', 'Tokyo', 'tokyo', NULL, NULL, '2013-10-08 16:21:41', '2013-10-15 11:46:49', 1, 0),
('UDQ4Y8NS', 'RHB5KA28', 'Milano', 'milano', 'rf ggafdrf ggafdrf ggafdrf ggafdrf ggafdrf ggafdrf ggafdrf ggafdrf ggafdrf ggafdrf ggafdrf ggafdrf ggafdrf ggafdrf ggafdrf ggafdrf ggafdrf ggafdrf ggafdrf ggafdrf ggafdrf ggafdrf ggafdrf ggafd', 'rf ggafdrf ggafdrf ggafdrf ggafdrf ggafdrf ggafdrf ggafdrf ggafdrf ggafdrf ggafdrf ggafdrf ggafdrf ggafdrf ggafdrf ggafdrf ggafdrf ggafdrf ggafdrf ggafdrf ggafdrf ggafdrf ggafdrf ggafdrf ggafdrf ggafdrf ggafdrf ggafdrf ggafdrf ggafdrf ggafdrf ggafdrf ggafdrf ggafdrf ggafdrf ggafdrf ggafdrf ggafdrf ggafdrf ggafdrf ggafdrf ggafdrf ggafdrf ggafdrf ggafdrf ggafdrf ggafdrf ggafdrf ggafdrf ggafdrf ggafdrf ggafdrf ggafdrf ggafdrf ggafdrf ggafdrf ggafd', '2013-08-18 12:48:33', '2013-08-31 14:40:37', 1, 0),
('YRPNYCIQ', 'TP6X1PXS', 'Johannesburg', 'johannesburg', '<br>', '<br>', '2013-08-18 12:30:36', '2013-08-26 16:37:44', 1, 0),
('YXRMIKPH', '6GELXD7L', 'Dubai', 'dubai', NULL, NULL, '2013-08-31 14:31:59', '0000-00-00 00:00:00', 1, 0),
('ZEI3E9VO', 'TP6X1PXS', 'Cape Town', 'cape_town', '<br>', '<br>', '2013-08-18 12:30:21', '2013-08-26 16:37:47', 1, 0);

-- --------------------------------------------------------

--
-- Table structure for table `continent`
--

CREATE TABLE IF NOT EXISTS `continent` (
  `continent_code` varchar(100) NOT NULL,
  `continent_name` varchar(100) NOT NULL,
  `continent_link` varchar(100) DEFAULT NULL,
  `continent_shortDescription` varchar(255) DEFAULT NULL,
  `continent_description` text,
  `continent_added` datetime NOT NULL,
  `continent_updated` datetime NOT NULL,
  `continent_active` tinyint(1) NOT NULL DEFAULT '1',
  `continent_deleted` tinyint(1) NOT NULL,
  PRIMARY KEY (`continent_code`)
) ENGINE=InnoDB DEFAULT CHARSET=latin1;

--
-- Dumping data for table `continent`
--

INSERT INTO `continent` (`continent_code`, `continent_name`, `continent_link`, `continent_shortDescription`, `continent_description`, `continent_added`, `continent_updated`, `continent_active`, `continent_deleted`) VALUES
('A5VTVMR7', 'Australasia', 'australasia', NULL, NULL, '2013-08-29 01:12:38', '2013-08-29 22:58:33', 1, 1),
('MAXZNYJI', 'Africa', 'africa', 'ad ads f adf ad adf adf ad fdfad ads f adf ad adf adf ad fdfad ads f adf ad adf adf ad fdfad ads f adf ad adf adf ad fdf', '<br>', '2013-08-18 12:15:58', '2013-08-31 16:35:11', 0, 0),
('S6CG0A91', 'Europe', 'europe', 'ad ads f adf ad adf adf ad fdfad ads f adf ad adf adf ad fdfad ads f adf ad adf adf ad fdfad ads f adf ad adf adf ad fdf', '<br>', '2013-08-18 12:16:09', '2013-08-27 19:47:06', 1, 0),
('V3GKKLPY', 'America', 'america', 'ad ads f adf ad adf adf ad fdfad ads f adf ad adf adf ad fdfad ads f adf\r\n ad adf adf ad fdfad ads f adf ad adf adf ad fdfad ads f<br>', 'ad ads f adf ad adf adf ad fdfad ads f adf ad adf adf ad fdfad ads f adf ad adf adf ad fdfad ads f adf ad adf adf ad fdfad ads f adf ad adf adf ad fdfad ads f adf ad adf adf ad fdfad ads f adf ad adf adf ad fdfad ads f adf ad adf adf ad fdfad ads f adf ad adf adf ad fdfad ads f adf ad adf adf ad fdfad ads f adf ad adf adf ad fdfad ads f adf ad adf adf ad fdfad ads f adf ad adf adf ad fdfad ads f adf ad adf adf ad fdfad ads f adf ad adf adf ad fdfad ads f adf ad adf adf ad fdfad ads f adf ad adf adf ad fdfad ads f adf\r\n ad adf adf ad fdfad ads f adf ad adf adf ad fdfad ads f adf ad adf adf \r\nad fdfad ads f adf ad adf adf ad fdfad ads f adf ad adf adf ad fdfad ads\r\n f adf ad adf adf ad fdfad ads ad ads fad ads f adf ad adf adf ad fdfad ads f adf ad adf adf ad fdfad ads f adf\r\n ad adf adf ad fdfad ads f adf ad adf adf ad fdfad ads f adf ad adf adf \r\nad fdfad ads f adf ad adf adf ad fdfad ads f adf ad adf adf ad fdfad ads\r\n f adf ad adf adf ad fdfad ads ad ads f', '2013-08-18 12:16:33', '2013-08-29 01:12:51', 1, 0),
('X1319UN2', 'Asia', 'asia', 'ad ads f adf ad adf adf ad fdf', '<br>', '2013-08-18 12:16:20', '2013-08-29 01:12:58', 1, 0);

-- --------------------------------------------------------

--
-- Table structure for table `country`
--

CREATE TABLE IF NOT EXISTS `country` (
  `country_code` varchar(100) NOT NULL,
  `continent_code` varchar(100) DEFAULT NULL,
  `country_name` varchar(100) NOT NULL,
  `country_link` varchar(100) DEFAULT NULL,
  `country_shortDescription` varchar(255) DEFAULT NULL,
  `country_description` text,
  `country_added` datetime NOT NULL,
  `country_updated` datetime NOT NULL,
  `country_active` tinyint(1) NOT NULL DEFAULT '1',
  `country_deleted` tinyint(1) NOT NULL,
  PRIMARY KEY (`country_code`)
) ENGINE=InnoDB DEFAULT CHARSET=latin1;

--
-- Dumping data for table `country`
--

INSERT INTO `country` (`country_code`, `continent_code`, `country_name`, `country_link`, `country_shortDescription`, `country_description`, `country_added`, `country_updated`, `country_active`, `country_deleted`) VALUES
('2A4UXVFX', 'S6CG0A91', 'England', 'england', NULL, NULL, '2013-08-29 01:19:01', '2013-08-31 14:01:23', 1, 1),
('3EHDTLQD', 'V3GKKLPY', 'Mexico', 'mexico', NULL, NULL, '2013-08-29 01:20:32', '2013-08-31 14:01:45', 1, 1),
('4T0HL3FM', 'V3GKKLPY', 'Chile', 'chile', NULL, NULL, '2013-08-31 14:04:00', '0000-00-00 00:00:00', 1, 0),
('5GM5N2D8', 'X1319UN2', 'Turkey', 'turkey', NULL, NULL, '2013-08-31 14:03:21', '0000-00-00 00:00:00', 1, 0),
('6CUKXHIB', 'X1319UN2', 'South Korea', 'south_korea', NULL, NULL, '2013-08-29 01:19:20', '2013-08-31 14:01:28', 1, 1),
('6GELXD7L', 'X1319UN2', 'UAE', 'uae', NULL, NULL, '2013-08-31 14:05:04', '0000-00-00 00:00:00', 1, 0),
('7LQUF87L', 'A5VTVMR7', 'Australia', 'australia', NULL, NULL, '2013-08-29 01:21:32', '2013-08-31 14:00:28', 1, 1),
('C9XZO53Y', 'X1319UN2', 'Qatar', 'qatar', NULL, NULL, '2013-08-31 14:04:33', '0000-00-00 00:00:00', 1, 0),
('DCTFAQS7', 'X1319UN2', 'China', 'china', NULL, NULL, '2013-08-29 01:19:32', '0000-00-00 00:00:00', 1, 0),
('DE04ZRKZ', 'X1319UN2', 'Qwait', 'qwait', NULL, NULL, '2013-08-31 14:05:27', '0000-00-00 00:00:00', 1, 0),
('DKAI87ZV', 'V3GKKLPY', 'United States of America', 'united_states_of_america', NULL, NULL, '2013-08-31 14:02:49', '0000-00-00 00:00:00', 1, 0),
('DW9C3IPP', 'X1319UN2', 'Hong Kong', 'hong_kong', NULL, NULL, '2013-08-29 01:19:50', '2013-08-31 14:28:11', 1, 1),
('EGKHKORX', 'X1319UN2', 'Japan', 'japan', '<br>', '<br>', '2013-08-18 12:25:46', '2013-08-26 16:34:35', 1, 0),
('FZPKGOX2', 'X1319UN2', 'Libano', 'libano', NULL, NULL, '2013-08-31 14:06:25', '2013-08-31 14:07:50', 1, 0),
('GE525L8D', 'V3GKKLPY', 'United States', 'united_states', NULL, NULL, '2013-08-29 01:20:09', '2013-08-31 14:01:41', 1, 1),
('GIXD8O91', 'V3GKKLPY', 'Brazil', 'brazil', NULL, NULL, '2013-08-31 14:03:38', '0000-00-00 00:00:00', 1, 0),
('IUEM7LTD', 'S6CG0A91', 'Spain', 'spain', NULL, NULL, '2013-08-29 01:18:29', '2013-08-31 14:01:14', 1, 1),
('JG919PS4', 'V3GKKLPY', 'Canada', 'canada', '<br>', '<br>', '2013-08-18 12:25:34', '2013-08-31 14:00:20', 1, 1),
('JRFID1H0', 'S6CG0A91', 'France', 'france', '<br>', '<br>', '2013-08-18 12:25:08', '2013-08-26 16:34:44', 1, 0),
('RHB5KA28', 'S6CG0A91', 'Italy', 'italy', 'adfg ad gaa dfdadfg ad gaa dfdadfg ad gaa dfdadfg ad gaa dfdadfg ad gaa dfdadfg ad gaa dfdadfg ad gaa dfdadfg ad gaa dfdadfg ad gaa dfdadfg ad gaa dfdadfg ad gaa dfd', 'adfg ad gaa dfdadfg ad gaa dfdadfg ad gaa dfdadfg ad gaa dfdadfg ad gaa dfdadfg ad gaa dfdadfg ad gaa dfdadfg ad gaa dfdadf<font face="comic sans ms">g ad gaa dfdadfg ad gaa dfdadfg ad gaa dfdadfg ad gaa dfdadfg ad gaa dfdadfg ad gaa dfdadfg ad</font> gaa dfdadfg ad gaa dfdadfg ad gaa dfdadfg ad gaa dfdadfg a<i><b>d gaa dfdadfg ad gaa dfdadfg ad gaa dfdadfg ad gaa dfdadfg ad gaa dfdadfg ad gaa dfdadfg ad gaa dfdadfg ad gaa dfdadfg ad gaa dfdadfg ad gaa dfdadfg ad gaa dfdadfg ad gaa dfdadfg ad gaa dfdadfg ad gaa dfdadfg ad gaa dfdadfg ad gaa dfdadfg ad gaa dfdadfg ad gaa dfdadfg ad gaa dfdadfg ad gaa dfdadfg ad gaa dfdadfg ad gaa dfdadfg ad gaa dfdadfg ad gaa dfdadfg ad gaa dfdadfg ad gaa dfdadfg ad gaa dfdadfg ad gaa dfdadfg ad gaa dfdadfg ad gaa dfdadfg ad gaa dfdadfg ad gaa dfdadfg ad gaa dfdadfg ad gaa dfdadfg ad gaa dfdadfg ad gaa dfdadfg ad gaa dfdadfg ad gaa dfdadfg ad gaa dfdadfg ad gaa dfdadfg ad ga</b></i>a dfdadfg ad gaa dfdadfg ad gaa dfdadfg ad gaa dfdadfg ad gaa dfdadfg ad gaa dfdadfg ad gaa dfdadfg ad gaa dfdadfg ad gaa dfdadfg ad gaa dfdadfg ad gaa dfdadfg ad gaa dfdadfg ad gaa dfdadfg ad gaa dfdadfg ad gaa dfdadfg ad gaa dfdadfg ad gaa dfdadfg ad gaa dfdadfg ad gaa dfdadfg ad gaa dfdadfg ad gaa dfdadfg ad gaa dfdadfg ad gaa dfdadfg ad gaa dfdadfg ad gaa dfdadfg ad gaa dfdadfg ad gaa dfdadfg ad gaa dfdadfg ad gaa dfdadfg ad gaa dfd', '2013-08-18 12:48:15', '2013-08-26 16:34:32', 1, 0),
('SMXK1T2A', 'A5VTVMR7', 'New Zealand', 'new_zealand', NULL, NULL, '2013-08-29 01:21:18', '2013-08-31 14:00:35', 1, 1),
('TP6X1PXS', 'MAXZNYJI', 'South Africa', 'south_africa', '<br>', '<br>', '2013-08-18 12:25:20', '2013-08-31 14:00:24', 1, 1),
('VKYEO7VV', 'V3GKKLPY', 'USA', 'usa', NULL, NULL, '2013-08-31 14:02:20', '2013-08-31 14:02:24', 0, 1),
('VRCWMM19', 'S6CG0A91', 'Germany', 'germany', NULL, NULL, '2013-08-29 01:18:49', '2013-08-31 14:01:19', 1, 1);

-- --------------------------------------------------------

--
-- Table structure for table `menu`
--

CREATE TABLE IF NOT EXISTS `menu` (
  `menu_code` varchar(100) NOT NULL,
  `cafe_code` varchar(100) DEFAULT NULL,
  `category_code` varchar(100) DEFAULT NULL,
  `menu_name` varchar(100) DEFAULT NULL,
  `menu_description` varchar(255) DEFAULT NULL,
  `menu_added` datetime DEFAULT NULL,
  `menu_updated` datetime DEFAULT NULL,
  `menu_active` tinyint(1) DEFAULT '1',
  `menu_deleted` tinyint(1) DEFAULT '0',
  PRIMARY KEY (`menu_code`)
) ENGINE=InnoDB DEFAULT CHARSET=latin1;

--
-- Dumping data for table `menu`
--

INSERT INTO `menu` (`menu_code`, `cafe_code`, `category_code`, `menu_name`, `menu_description`, `menu_added`, `menu_updated`, `menu_active`, `menu_deleted`) VALUES
('04QMBVXW', 'V3184BOT', '7GSEG21A', 'POLIPETTI', 'Baby Octopus "Alla Colatura", Tomato Reduction and Polenta<br>', '2013-09-02 15:15:13', '2013-09-02 15:16:16', 0, 0),
('06IJZQFW', 'VOTM0P3X', '78TQM9LG', 'TROFIE AL MARE', 'Fresh Semolina Pasta with Tomatoes, Shrimp, Squids and Clams<br>', '2013-09-02 18:17:20', NULL, 0, 0),
('0DG3DRPM', 'VOTM0P3X', '4K4STZCI', 'CARPACCIO DI TONNO ALLE ERBE', 'Thinly sliced Tuna with Caper Sauce and aromatic Herbs<br>', '2013-09-02 17:56:37', NULL, 0, 0),
('0HBY5Z76', 'V3184BOT', 'QDA3DMOM', 'TAGLIOLINI VERDI', 'Homemade Spinach Tagliolini, Langoustine, Mixed Wild Mushrooms and Black Truffle<br>', '2013-09-02 15:13:09', NULL, 0, 0),
('0KCP5IZ3', 'V3184BOT', '4K4STZCI', 'MISTICANZA ESTIVA', '<table border="0" cellpadding="0" cellspacing="0" width="863"><colgroup><col width="863"></colgroup><tbody><tr height="21">\r\n  <td class="xl66" style="height:16.15pt;width:648pt" height="21" width="863">Salad\r\n  of Marinated Mushrooms, Cipollini Onions, P', '2013-09-02 14:59:34', '2013-09-02 15:01:19', 0, 1),
('0OI2WOWV', 'VOTM0P3X', '0LMBB7TL', 'RISOTTO AL MARE', 'Italian Rice with Squid, Shrimp, Clams and Tomatoes<br>', '2013-09-02 18:26:02', NULL, 0, 0),
('0PDF7X57', '6K6FZMAY', 'SES1VUPV', 'IL TIRAMISU'' CAFFE ARMANI', 'Emporio Armani Caffe Tiramisu<br>', '2013-09-02 16:32:25', NULL, 0, 0),
('10UO21ZW', 'VOTM0P3X', 'WT9UI9NY', 'PENNINE CON RAGU'' DI FILETTO E LEGUMI', 'Dried Pasta with Filet Mignon Sauce and Vegetables<br>', '2013-09-02 18:21:29', NULL, 0, 0),
('1B4SH5MO', 'SYKQI8Q2', 'YONBM2SF', 'AI FORMAGGI', 'Mixed Cheese: Mozzarella, Asiago, Gorgonzola, Fontal<br>', '2013-09-02 17:13:48', NULL, 0, 0),
('1C2Z3O65', 'I22QOQHM', '4OV4TPI2', 'Black Cod with Miso', '&nbsp;&nbsp; <br>', '2013-12-20 17:50:15', '2014-01-16 10:33:02', 1, 1),
('1QFKHACH', 'V3184BOT', '4K4STZCI', 'CAPESANTE SCOTTATE', '&nbsp;Sautéed Sea Scallops, Potato Gratin and Black Truffle<br>', '2013-09-01 22:12:18', NULL, 0, 0),
('25RZNRPX', 'E4F5WCSA', 'S3DE0NE2', '3. Accompanied with:', 'Franciacorta DOCG Cuvee Brut, Bellavista&nbsp;&nbsp;&nbsp; <br>', '2013-12-19 15:55:46', '2013-12-19 16:59:52', 1, 0),
('27G708GA', 'SYKQI8Q2', '5I7T6V5B', 'CARPACCIO', 'Premium Beef Fillet Carpaccio with Grana Padano Cheese, Mixed leaves and Cherry Tomato<br>', '2013-09-02 16:41:03', NULL, 0, 0),
('2BFQS6QB', 'V3184BOT', 'QDA3DMOM', 'LASAGNETTA CROCCANTE', 'Homemade Lasagnetta with Eggplant, Tomato and Smoked Scamorza Layers, over Parmesan Fondue<br>', '2013-09-02 15:13:46', NULL, 0, 0),
('2M29AHX6', 'V3184BOT', 'QDA3DMOM', 'TORTELLINI EMILIANI', 'Traditional Emilian Tortellini Stuffed with Buffalo Ricotta Cheese, Fresh Tomato, Parmesan, and Sage Butter<br>', '2013-09-02 15:11:13', '2013-09-02 15:11:19', 0, 0),
('2PCCKHY6', '6K6FZMAY', 'EZSXQ4G3', 'TIMBALLO DI MELANZANE E PASTA ALLA NORMA', 'Eggplant Savarin Filled with Pasta, Tomato Sauce<br>', '2013-09-02 16:31:35', '2013-09-02 16:33:01', 0, 0),
('2SYVCYTW', 'SYKQI8Q2', '7GSEG21A', 'TAGLIATA', 'Sliced Beef Rib Eye with Asparagus<br>', '2013-09-02 16:58:15', '2013-09-02 17:07:54', 0, 0),
('2W3UIH6Q', 'VOTM0P3X', '4K4STZCI', 'TARTAR DI SALMONE CON INSALATA VERDE', 'Salmon Tartar with green Salad<br>', '2013-09-02 17:57:16', '2013-09-02 17:58:41', 0, 0),
('2X6IA47F', '6K6FZMAY', 'Q9KI9C8K', 'SALMONE', 'Smoked Salmon, Rocket Salad, Avocado<br>', '2013-09-02 16:29:50', '2013-09-02 16:30:06', 0, 0),
('3127XE1V', 'VOTM0P3X', 'SES1VUPV', 'PROFITEROLES', 'Cream Puffs filled with Gianduia<br>', '2013-09-02 18:45:16', NULL, 0, 0),
('32JLTXYN', 'SYKQI8Q2', 'SES1VUPV', 'SELEZIONE DI GELATI E DI SORBETTI', 'Selection of Ice Cream and Sorbets<br>', '2013-09-02 17:18:10', '2013-09-02 17:19:29', 0, 0),
('36Z0F0Q9', 'V3184BOT', '7GSEG21A', 'VARIAZIONE D''ANATRA', 'Roast Duck Prepared Two Ways, with Sweet and Sour Amarena Cherries<br>', '2013-09-02 15:17:55', '2013-09-02 15:18:00', 0, 0),
('3EDUONUM', 'VOTM0P3X', 'SES1VUPV', 'TORTA TREMOUSSE DI CIOCCOLATO', 'Chocolate Mousse Pie with white Chocolate, dark Chocolate and Milk Chocolate<br>', '2013-09-02 18:45:44', NULL, 0, 0),
('3MVBH4VL', 'I22QOQHM', '2BWBOYVO', 'Raw and cooked Red Shrimp, Bahamas Sauce', '&nbsp;&nbsp; <br>', '2013-12-20 17:42:43', '2014-01-20 10:43:21', 1, 1),
('3ODPT1CC', 'SYKQI8Q2', '5I7T6V5B', 'CAPRESE', 'Buffalo Mozzarella Cheese, Tomato, Cold Pachino and Basil Oil Sauce<br>', '2013-09-02 16:39:23', NULL, 0, 0),
('3W3TA8UD', 'SYKQI8Q2', 'QDA3DMOM', 'RAVIOLONI', 'Ravioli with a Filling of Ricotta , served with Rocket Pesto and Tomato Concassé<br>', '2013-09-02 16:46:13', NULL, 0, 0),
('40SWG20H', 'VOTM0P3X', 'VCBNH18D', 'SOGLIOLA AL LIMONE CON LEGUMI AL VAPORE', 'Grilled Sole with Lemon Dressing and Vegetables<br>', '2013-09-02 18:31:51', NULL, 0, 0),
('4900989O', 'VOTM0P3X', 'SES1VUPV', 'CREMA DI PAPAYA', 'Papaya shake with Vanilla Ice Cream<br>', '2013-09-02 18:47:31', NULL, 0, 0),
('4XANAX7D', 'I22QOQHM', '4OV4TPI2', 'Wagyu Beef with Jalapeno Sauce', '&nbsp;&nbsp; <br>', '2013-12-20 17:50:41', '2014-01-16 10:32:57', 1, 1),
('53QXEWBJ', 'V3184BOT', 'SES1VUPV', 'PANNA COTTA', 'Panna Cotta Topped with Raspberry Foam<br>', '2013-09-02 15:50:06', NULL, 0, 0),
('55XMUXWE', 'I22QOQHM', '2BWBOYVO', 'Wagyu Beef, Beans, Jalopeno, Turnips Tops, Bell Peppers, Spicy Oil', '&nbsp;&nbsp; <br>', '2013-12-20 17:43:18', '2014-01-20 10:43:17', 1, 1),
('5GIW7DZ4', 'V3184BOT', '7GSEG21A', 'TAGLIATA DI MANZO', 'Char-Grilled Black Angus Steak with Bone Marrow and Stewed Sorana Beans<br>', '2013-09-02 15:20:32', NULL, 0, 0),
('5JIJI2X8', 'I22QOQHM', '1EELR8A1', 'Tuna Tataki with Ponzu Sauce', '&nbsp;&nbsp;&nbsp; <br>', '2013-12-20 17:48:44', '2014-01-20 10:43:07', 1, 1),
('5M72IV9A', 'VOTM0P3X', 'VCBNH18D', 'TAGLIATA DI MANZO', 'Thin Slices of underdone Filet, Rocket Leaves and Parmesan<br>', '2013-09-02 18:34:06', NULL, 0, 0),
('5ND9GSQQ', 'SYKQI8Q2', '7GSEG21A', 'CLUB SANDWICH VEGETARIANO', 'Grilled Vegetables, Tomato, Iceberg Lettuce, Smoked Scamorza Cheese and Mayonnaise<br>', '2013-09-02 17:10:41', NULL, 0, 0),
('5SIXNOAT', 'SYKQI8Q2', 'QDA3DMOM', 'TAGLIATELLE', 'Tagliatelle Pasta with Bolognese Sauce<br>', '2013-09-02 16:54:36', NULL, 0, 0),
('5UUIZC6V', 'SYKQI8Q2', 'QDA3DMOM', 'PENNE DI GRANO DURO', 'Durum Wheat Penne Pasta with Pachino Tomatoes and Basil<br>', '2013-09-02 16:45:52', NULL, 0, 0),
('6185TOAA', 'VOTM0P3X', 'VCBNH18D', 'FILETTO DI SALMONE DORATO ALLE ERBE', 'Grilled Salmon with Olive Oil and Herb and mashed PotatoEs<br>', '2013-09-02 18:32:23', '2013-09-02 18:32:27', 0, 0),
('65NPIJZG', 'SYKQI8Q2', '5I7T6V5B', 'INSALATA MISTA', 'Mixed Salad with Mesclun Lettuce, Tomatoes, Carrots, Celery and Fennel<br>', '2013-09-02 16:42:30', NULL, 0, 0),
('68PRCASK', 'SYKQI8Q2', 'SES1VUPV', 'PANNA COTTA', 'Panna Cotta with Strawberry Sauce<br>', '2013-09-02 17:16:27', NULL, 0, 0),
('6KCQY74H', 'VOTM0P3X', '1ZYA4SRZ', 'CLUB SANDWICH', 'Slim English Bread with Chicken, Bacon, Tomato and Salad<br>', '2013-09-02 18:42:37', NULL, 0, 0),
('6MQYNQP3', 'I22QOQHM', '4OV4TPI2', 'Rock Shrimp Tempura with Ponzu', '&nbsp;&nbsp; <br>', '2013-12-20 17:49:55', '2014-01-16 10:33:08', 1, 1),
('6Q4YD4QC', 'VOTM0P3X', '1ZYA4SRZ', 'PANINO CON POLPETTONE E CHEDDAR', 'Hamburguer with Cheddar Cheese<br>', '2013-09-02 18:39:01', NULL, 0, 0),
('6VJQ010Y', 'SYKQI8Q2', 'QDA3DMOM', 'GNOCCHI DI PATATE', 'Potato Gnocchi Sorrentina Style with Tomato Sauce and Buffalo Mozzarella<br>', '2013-09-02 16:55:32', NULL, 0, 0),
('6XZ3X78M', 'V3184BOT', 'QDA3DMOM', 'RAVIOLI', 'Homemade Ravioli of Ricotta Cheese and Quail Egg Yolk with Zucchini Flowers, Oregano and Black Truffle<br>', '2013-09-02 15:12:32', '2013-09-02 15:12:38', 0, 0),
('75R9RFVT', 'V3184BOT', '7GSEG21A', 'OSSOBUCO ALLA MILANESE', 'Braised Veal Shank "Milanese Style", with Calabrian Saffron Risotto<br>', '2013-09-02 15:18:58', NULL, 0, 0),
('75S2X8V6', 'SYKQI8Q2', 'SES1VUPV', 'SELEZIONE DI CIOCCOLATINI ARMANI', 'Assorted Armani Chocolates<br>', '2013-09-02 17:16:53', NULL, 0, 0),
('7CZM3GHY', 'SYKQI8Q2', 'SES1VUPV', 'SELEZIONE DI FORMAGGI CON MIELE DI ACACIA E FRUTTA SECCA', 'Italian Cheese Selection with Acacia Honey and Dried Fruits<br>', '2013-09-02 17:19:20', NULL, 0, 0),
('7MDPMHL2', 'I22QOQHM', '1EELR8A1', 'Sushi or Sashimi of:', 'Tuna, Yellowtail, White Fish, Red Shrimp<br>', '2013-12-20 17:49:10', '2014-01-20 10:43:03', 1, 1),
('7XXAD2EH', 'V3184BOT', '4K4STZCI', 'INSALATA DI POMODORI', 'Heirloom Tomato Salad with Basil Ricotta, Shaved Cipollini Onions, Prickly Pear and Pistacchio<br>', '2013-09-02 15:04:24', '2013-09-02 15:09:02', 0, 0),
('865RLK82', 'VOTM0P3X', '1ZYA4SRZ', 'PANINO AI FUNGHI', 'Mixed Mushrooms with Swiss Cheese<br>', '2013-09-02 18:37:04', NULL, 0, 0),
('8EQDE4A2', 'E4F5WCSA', 'S3DE0NE2', '4. Risotto with Seasonal Truffle', '&nbsp;&nbsp; <br>', '2013-12-19 16:59:25', '2013-12-19 16:59:44', 1, 0),
('8GVA5P6F', 'I22QOQHM', '2BWBOYVO', 'Turbot Harumaki Tripe, Dashi Sashimi Martini', '&nbsp;&nbsp;&nbsp; <br>', '2013-12-20 17:42:53', '2014-01-20 10:43:19', 1, 1),
('8MOGP5W4', 'VOTM0P3X', 'WT9UI9NY', 'FARFALLE CON RAGU DI OSSOBUCO E FUNGHI FRESCHI', 'Dried Pasta with Tomato, Ossobuco and Mushrooms Sauce<br>', '2013-09-02 18:20:07', NULL, 0, 0),
('8PBYAEOX', 'SYKQI8Q2', '7GSEG21A', 'HAMBURGER CON PANE ARTIGIANALE', 'Hamburger with Bread, Iceberg Lettuce, Tomato, Onion, Cucumber, Cheese and Ketchup served with French Fries<br>', '2013-09-02 17:11:13', NULL, 0, 0),
('8RT8GAHC', 'SYKQI8Q2', 'QDA3DMOM', 'LINGUINE', 'Linguine Pasta, with Clams and Mullet Roe<br>', '2013-09-02 16:55:55', NULL, 0, 0),
('8SKR7TJD', 'I22QOQHM', '1EELR8A1', 'Yellowtail Sashimi with Jalapeno', '&nbsp;&nbsp; <br>', '2013-12-20 17:48:24', '2014-01-20 10:43:10', 1, 1),
('912OWMLG', '6K6FZMAY', 'EZSXQ4G3', 'INSALATA ALLA GENOVESE', 'String Beans, Shallots, Lemon Oil<br>', '2013-09-02 16:31:12', NULL, 0, 0),
('91VJV6NJ', 'VOTM0P3X', '4K4STZCI', 'INSALATA CAPRESE CLASSICA', 'Green Salad with Chicken, Tomato and Dijon Mustard Sauce<br>', '2013-09-02 17:59:37', NULL, 0, 0),
('96OHQILX', 'VOTM0P3X', 'KA2NHI82', 'CAPPELLETTI IN BRODO', 'Fresh Pasta stuffed with Veal with Meat Sauce<br>', '2013-09-02 18:06:40', NULL, 0, 0),
('9ERQW5CU', 'SYKQI8Q2', 'SES1VUPV', 'SELEZIONE DI FRUTTA', 'Selection of Fresh Fruit<br>', '2013-09-02 17:18:42', NULL, 0, 0),
('9MMP1CZQ', 'V3184BOT', '4K4STZCI', 'CRUDITÀ DI MARE', 'Red Beet Marinated Wild Branzino Carpaccio, Blue Fin Tuna Tartar, Fresh Oyster,Langoustine, and Red Wine-Marinated Octopus<br>', '2013-09-02 01:57:05', NULL, 0, 0),
('9X89S4VM', 'I22QOQHM', '2BWBOYVO', 'Dentex Shimofuri, seared Tuna, Mustard Miso Sauce', '&nbsp;&nbsp; <br>', '2013-12-20 17:42:06', '2014-01-20 10:43:22', 1, 1),
('A2XSZZRB', 'SYKQI8Q2', 'YONBM2SF', 'MARINARA', 'Tomato, Garlic and Oregano<br>', '2013-09-02 17:11:42', NULL, 0, 0),
('A5MLP1A8', 'VOTM0P3X', '78TQM9LG', 'RAVIOLI RIPIENI CON BRIE AL BURRO FUSO', 'Fresh Pasta stuffed with Rocket Leaves, Brie Cheese and Parmesan<br>', '2013-09-02 18:09:03', NULL, 0, 0),
('AJYJO2GC', 'V3184BOT', '7GSEG21A', 'COSTOLETTA D''AGNELLO SCOTTADITO', 'Grilled Lamb Chop Marinated with Juniper Berries and Crispy Polenta<br>', '2013-09-02 15:19:40', NULL, 0, 0),
('AMX1KKOW', 'I22QOQHM', '2BWBOYVO', 'Panettone Parfait', '&nbsp;&nbsp; <br>', '2013-12-20 17:43:38', '2014-01-20 10:43:12', 1, 1),
('AMZIU3GD', 'E4F5WCSA', 'S3DE0NE2', 'zzzzz', 'zxcvfg<br>', '2013-12-19 15:58:27', '2013-12-19 16:26:10', 1, 1),
('ASZJW0LA', 'I22QOQHM', '1EELR8A1', 'White Fish with Rocoto and Yuzu', '&nbsp;&nbsp; <br>', '2013-12-20 17:48:35', '2014-01-20 10:43:09', 1, 1),
('AVNB4JFK', 'SYKQI8Q2', 'YONBM2SF', 'ORTOLANA', 'Tomato, Mozzarella, Eggplant, Griled Peppers, Zucchini and Cherry Tomatoes<br>', '2013-09-02 17:14:11', NULL, 0, 0),
('BCYEB247', 'VOTM0P3X', '78TQM9LG', 'FARFALLE INTEGRALI CON MELANZANE E MOZZARELLA', 'Fresh integral Pasta with Eggplant and Mozzarella Cheese, Tomato Sauce and Basil<br>', '2013-09-02 18:18:13', '2013-09-02 18:22:56', 0, 0),
('BSOVQRX5', 'E4F5WCSA', 'S3DE0NE2', '2. Veal Pate'' with Croutons and Cremona Mustard', '&nbsp;<br>', '2013-12-19 15:55:11', NULL, 1, 0),
('BXBBN4P4', 'E4F5WCSA', '4K4STZCI', 'on the second', 'this on the next row thanks to the invisilbe one before it.<br>', '2013-12-18 15:35:14', '2013-12-19 15:54:05', 1, 1),
('BY8JTLYK', 'SYKQI8Q2', 'SES1VUPV', 'SFOGLIATINE DI MELE', 'Appel Tart With Custard and Vanilla Ice Cream<br>', '2013-09-02 17:17:45', NULL, 0, 0),
('CI9Z1HAG', 'VOTM0P3X', 'VCBNH18D', 'POLPETTE DI VITELLA AL VAPORE', 'Veal Meat with Fettuccine, Tomatoes and Peas Sauce<br>', '2013-09-02 18:32:59', NULL, 0, 0),
('CS25D2D7', 'SYKQI8Q2', '7GSEG21A', 'CLUB SANDWICH', 'Grilled Chicken with Tomato, Iceberg Lettuce, Beef Bacon, Hard-Boiled Egg and Mayonnaise<br>', '2013-09-02 17:10:14', NULL, 0, 0),
('CS9WHQ37', 'V3184BOT', 'KA2NHI82', 'ZUPPA ETRUSCA', 'Hearty Chickpeas Soup with Fava Beans, Sweet Peas, Purple New Onion and Spelt from Garfagnano<br>', '2013-09-02 15:07:04', '2013-09-02 15:08:48', 0, 0),
('CWO2V9BJ', 'SYKQI8Q2', '7GSEG21A', 'SANDWICH DI SALMONE', 'Smoked Salmon with Iceberg Lettuce, Guacamole Mayonnaise Sauce<br>', '2013-09-02 17:09:37', NULL, 0, 0),
('D49SWXNK', 'VOTM0P3X', '0LMBB7TL', 'RISOTTO CON RAGU'' DI FILETTO CLASSICO', 'Italian Rice with Filet Mignon Sauce and Vegetables<br>', '2013-09-02 18:24:41', NULL, 0, 0),
('DB1V625T', 'VOTM0P3X', '4K4STZCI', 'CARPACCIO DI SALMONE MARINATO', 'Thinly sliced Salmon, Dill and Mustard Seeds<br>', '2013-09-02 17:56:08', NULL, 0, 0),
('DETBX7GJ', 'VOTM0P3X', 'KA2NHI82', 'MINESTRONE EMPORIO ARMANI', 'Fresh Vegetable Soup<br>', '2013-09-02 18:03:33', NULL, 0, 0),
('DY1MEKFM', 'I22QOQHM', '4OV4TPI2', 'Chilean Seabass with Brown Rice Sauce', '&nbsp;&nbsp; <br>', '2013-12-20 17:50:33', '2014-01-16 10:33:00', 1, 1),
('E2E32T1S', 'VOTM0P3X', '4K4STZCI', 'MELANZANE ALLA PARMIGIANA', 'Eggplant with Tomato Sauce and Mozzarella Cheese<br>', '2013-09-02 18:01:09', NULL, 0, 0),
('ESKPEFV0', 'V3184BOT', '4K4STZCI', 'LA BURRATA', 'with Pickled Heirloom Radishes and Fruit Mostarda from Cremona<br>', '2013-09-01 10:17:27', NULL, 0, 0),
('EZK0KZ1R', 'SYKQI8Q2', '5I7T6V5B', 'TARTARE EMPORIO ARMANI', 'Empoorio Armani Style Beef Tartare, Parmesan Shavings and Crunchy Bread Leaves<br>', '2013-09-02 16:41:54', NULL, 0, 0),
('FJMI69IF', 'V3184BOT', '4K4STZCI', 'MISTICANZA ESTIVA', 'Salad of Marinated Mushrooms, Cipollini Onions, Peppers, Carrots, Eggplant, Sugar Snap Peas, Radish and Artichoke<br>', '2013-09-02 15:03:30', '2013-09-02 15:09:08', 0, 0),
('FQXKX06Q', 'SYKQI8Q2', 'QDA3DMOM', 'RISOTTO ARMANI MILANO', 'Risotto with Saffron Threads and Grana Padano Cheese<br>', '2013-09-02 16:55:12', NULL, 0, 0),
('FT6Q0KNQ', 'SYKQI8Q2', 'YONBM2SF', 'MARGHERITA', 'Tomato, Mozzarella and Basil<br>', '2013-09-02 17:12:56', '2013-09-02 17:13:01', 0, 1),
('G3DHYBN9', 'SYKQI8Q2', '5I7T6V5B', 'INSALATA GENOVESE', 'Lettuce, Green Beans, Tuna, Hard-Boiled Egg, Potatoes, Black Olives and Anchovies<br>', '2013-09-02 16:43:16', NULL, 0, 0),
('GA8NVZC2', 'VOTM0P3X', '78TQM9LG', 'RAVIOLI GERO', 'Fresh Pasta stuffed with Mozzarella Cheese, Tomato Sauce and Basil<br>', '2013-09-02 18:08:04', NULL, 0, 0),
('GARYYNG6', 'SYKQI8Q2', 'YONBM2SF', 'CAPRICCIOSA', 'Tomato, Mozzarella, Mushrooms, Marinated Artichokes, Black Olives, Turkey Ham<br>', '2013-09-02 17:13:23', NULL, 0, 0),
('GNAC7GL1', 'V3184BOT', 'SES1VUPV', 'FRUTTA DI STAGIONE', 'Fresh Seasonal Fruit Selection, accompanied by Mango Sorbet<br>', '2013-09-02 15:55:12', NULL, 0, 0),
('GTI4OV7Z', '6K6FZMAY', 'VOY84VR1', 'ZUPPA DEL GIORNO', 'Soup of the Day<br>', '2013-09-02 16:26:55', NULL, 0, 0),
('H0OF2IL0', 'V3184BOT', 'SES1VUPV', 'SELEZIONE', 'Selection of Homemade Ice Cream and Sorbet<br>', '2013-09-02 15:54:46', '2013-09-02 15:56:01', 0, 0),
('H1ORUZ90', '6K6FZMAY', 'Q9KI9C8K', 'PROSCIUTTO DI PARMA', '24 month aged Parma Ham, Brie Cheese, Baby Artichoke and Truffle<br>', '2013-09-02 16:29:15', NULL, 0, 0),
('HB7ZUG6M', 'VOTM0P3X', '1ZYA4SRZ', 'PIZZA MARGHERITA, POMODORI, MOZZARELLA DI BUFALA E BASILICO', 'Tomatoes, Buffalo Mozzarella Cheese and Basil<br>', '2013-09-02 18:41:15', '2013-09-02 18:41:35', 0, 0),
('HLW5IUHQ', 'V3184BOT', '7GSEG21A', 'BRANZINO SELVATICO', 'Slow Roasted Wild Sea Bass, Arugula Salsa Verde and Trevisano<br>', '2013-09-02 15:16:53', NULL, 0, 0),
('HNWDAYGH', 'VOTM0P3X', '4K4STZCI', 'CARPACCIO CAFFE'' ARMANI', 'Thinly sliced raw Meat, Parmesan Cheese and Eggplant<br>', '2013-09-02 17:55:44', NULL, 0, 0),
('HQRMGRKU', 'VOTM0P3X', '4K4STZCI', 'CARPACCIO FASANO', 'Thinly sliced raw Meat in black Olive Sauce<br>', '2013-09-02 17:54:54', NULL, 0, 0),
('I17ZII1X', 'SYKQI8Q2', 'YONBM2SF', 'MARGHERITA', 'Tomato, Mozzarella and Basil<br>', '2013-09-02 17:12:04', NULL, 0, 0),
('I2KFPIKQ', 'VOTM0P3X', '78TQM9LG', 'AGNOLOTTI CON FORMAGGIO DI CABRA', 'Fresh Pasta stuffed with Goat Cheese in Tomato Sauce<br>', '2013-09-02 18:09:42', NULL, 0, 0),
('IHKP6JNU', 'SYKQI8Q2', '7GSEG21A', 'COSTOLETTA DI VITELLO', 'Veal Chops Milanese Style with Rocket and Cherry Tomatoes<br>', '2013-09-02 17:08:20', NULL, 0, 0),
('IM22PKDB', 'VOTM0P3X', 'WT9UI9NY', 'SPAGHETTI AL POMODORO E BASILICO', 'Dried Pasta with Tomato Sauce and Basil Leaves<br>', '2013-09-02 18:20:37', NULL, 0, 0),
('IRXOYTZK', 'VOTM0P3X', 'WT9UI9NY', 'PENNE ALLA DIAVOLA', 'Dried Pasta with spicy Sausage, San Marzano Tomatoes and Sheep Cheese<br>', '2013-09-02 18:21:54', NULL, 0, 0),
('IS7RD6RU', 'VOTM0P3X', '1ZYA4SRZ', 'PANINO AL TONNO E POMODORO', 'Fresh Tomatoes, Tuna and black Olives<br>', '2013-09-02 18:37:58', NULL, 0, 0),
('IWHP9H5F', 'V3184BOT', 'QDA3DMOM', 'RISOTTO ALLA MILANESE', 'Risotto Vialone Nano "Gazzani Riserva" with Saffron and Parmigiano Cheese<br>', '2013-09-02 15:14:38', NULL, 0, 0),
('J4Z5RBMG', 'VOTM0P3X', '78TQM9LG', 'LASAGNA TRADIZIONALE ALLA BOLOGNESE', 'Fresh Pasta with Tomato and Meat Sauce<br>', '2013-09-02 18:16:32', '2013-09-02 18:17:27', 0, 0),
('JELXA67D', 'SYKQI8Q2', 'YONBM2SF', 'PIZZA EMPORIO ARMANI', 'Mozzarella, Rocket, Cherry Tomato,Bresaola and Parmesan Shavings<br>', '2013-09-02 17:14:47', '2013-09-02 17:14:54', 0, 0),
('JHDGQDOO', 'SYKQI8Q2', '5I7T6V5B', 'INSALATA DI CESARE EMPORIO ARMANI', 'Iceberg Lettuce with Caesar Dressing, Lemon Marinated Chicken, Grana Padano Flakes and Croutons<br>', '2013-09-02 16:44:07', NULL, 0, 0),
('JI65XNYM', 'VOTM0P3X', 'VCBNH18D', 'PETTO DI FARAONA E FUNGHI FRESCHI', 'Breast of Chicken Angola with Mushrooms Sauce and Polenta<br>', '2013-09-02 18:35:37', NULL, 0, 0),
('JJUVJI0C', 'VOTM0P3X', '4K4STZCI', 'POLENTA CON FORMAGIO BRIE', 'Polenta with Brie Cheese<br>', '2013-09-02 18:02:55', NULL, 0, 0),
('JLSTSRUM', 'VOTM0P3X', '1ZYA4SRZ', 'PANINO CON FORMAGGIO BRIE', 'Brie Bheese, Turkey Breast, Olives and Tomato<br>', '2013-09-02 18:38:26', NULL, 0, 0),
('JULWK9C3', 'E4F5WCSA', '4K4STZCI', 'tester', 'must describe things huh?<br>', '2013-12-18 15:38:30', '2013-12-19 15:54:01', 1, 1),
('JVSXIWNN', 'I22QOQHM', '6YTNWTFN', 'Panettone Frozen Custard', '&nbsp;&nbsp; <br>', '2013-12-20 17:51:27', '2014-01-16 10:32:41', 1, 1),
('K3A5F7O3', 'SYKQI8Q2', 'QDA3DMOM', 'PACCHERI', 'Paccheri Pasta with King Crab and Cherry Tomatoes<br>', '2013-09-02 16:56:19', NULL, 0, 0),
('KH607HEO', 'SYKQI8Q2', 'YONBM2SF', 'PIZZA EMPORIO ARMANI', 'Mozzarella, Rocket, Cherry Tomato,Bresaola and Parmesan Shavings<br>', '2013-09-02 17:14:47', '2013-09-02 17:14:57', 0, 1),
('KKSV1QEB', 'I22QOQHM', '1EELR8A1', 'Raw and cooked Red Shrimp, Bahamas Sauce', '&nbsp;&nbsp; <br>', '2013-12-20 17:48:55', '2014-01-20 10:43:05', 1, 1),
('KT80WGCB', 'I22QOQHM', '4OV4TPI2', 'Artichoke Salad with Dry Miso Sauce and Truffle Oil', '&nbsp;&nbsp; <br>', '2013-12-20 17:49:44', '2014-01-20 10:43:00', 1, 1),
('LD8O4KWR', 'I22QOQHM', '4OV4TPI2', 'Rock Shrimp Tempura with Creamy Spicy Sauce', '&nbsp;&nbsp; <br>', '2013-12-20 17:50:05', '2014-01-16 10:33:06', 1, 1),
('LK4HFDUT', '6K6FZMAY', 'EZSXQ4G3', 'INSALATA DI CESARE CON POLLO', 'Caesar Salad with Marinated Organic Chicken<br>', '2013-09-02 16:32:01', NULL, 0, 0),
('LLEKJAM7', '6K6FZMAY', 'VOY84VR1', 'BURRATA CON CAPONATINA DI VERDURE', 'Burrata Cheese, Caponata of Vegetable and Wine Reduction<br>', '2013-09-02 16:26:31', NULL, 0, 0),
('LOO42O4Z', 'VOTM0P3X', '1ZYA4SRZ', 'PANINO DI CIABATTA CON IL PROSCIUTTO CRUDO', 'Parm Ham, Brie Cheese and Rocket Leaves<br>', '2013-09-02 18:42:11', NULL, 0, 0),
('LOQ2EYW7', 'V3184BOT', 'SES1VUPV', 'LA COMPOSIZIONE DELLO CHEF', 'Chef''s Daily Dessert Composition<br>', '2013-09-02 15:55:51', NULL, 0, 0),
('LS0VI7MH', 'V3184BOT', '7GSEG21A', 'COTOLETTA DI VITELLO', 'Bone In, Breaded Veal Chop Milanese, with Arugula Salad and Pachino Tomatoes<br>', '2013-09-02 15:18:37', '2013-09-02 15:19:05', 0, 0),
('LUI9HPW9', 'V3184BOT', '4K4STZCI', 'TARTARA DI TONNO', 'Blue Fin Tuna Tartare with Yellow Tomatoes and Parsley Root<br>', '2013-09-01 22:11:23', NULL, 0, 0),
('LW0QTW1X', 'VOTM0P3X', '4K4STZCI', 'INSALATA CAPRESE CLASSICA', 'Green Salad, Mozzarella Cheese, Italian Tomato and Basil Leaves<br>', '2013-09-02 17:59:08', NULL, 0, 0),
('LXG0EJJT', 'SYKQI8Q2', 'KA2NHI82', 'MINESTRONE EMPORIO ARMANI', 'Minestrone Soup with Seasonal Vegetables , Tomato Concassé and Bread Croutons<br>', '2013-09-02 16:44:54', NULL, 0, 0),
('LY5IRIRQ', 'E4F5WCSA', 'S3DE0NE2', '1.Cauliflower Salad with mixed marinated Vegetable and Parsley', 'asdfsgh<br>', '2013-12-19 15:57:22', '2013-12-19 16:26:05', 1, 1),
('MBL5CPLY', 'V3184BOT', '4K4STZCI', 'IL FEGATO GRASSO D''ANATRA', 'Vermentino Cold-Marinated Duck Foie Gras, Yellow Peach Confit<br>', '2013-09-02 01:59:05', NULL, 0, 0),
('MF4YJO57', 'SYKQI8Q2', '7GSEG21A', 'CALAMARI', 'Grilled Calamari with Scapece Zucchini and Fresh Mint<br>', '2013-09-02 16:57:34', NULL, 0, 0),
('MJ2TX0EW', 'VOTM0P3X', '1ZYA4SRZ', 'PANINO CON POLPETTONE AL POMODORO', 'Hamburguer with Mozzarella Cheese and Tomato<br>', '2013-09-02 18:39:40', NULL, 0, 0),
('MMS7WCBG', '6K6FZMAY', 'Q9KI9C8K', 'ARROSTO DI VITELLO', 'Focaccia Bread, Roasted Veal, Smoked Provola and Butter Lettuce<br>', '2013-09-02 16:30:39', NULL, 0, 0),
('MPLAS8K2', 'VOTM0P3X', 'VCBNH18D', 'SUPREMA DI POLLO AL BALSAMICO', 'Grilled Chicken with Balsamic Vinegar and green Salad<br>', '2013-09-02 18:34:35', NULL, 0, 0),
('MVWDLZER', 'VOTM0P3X', 'SES1VUPV', 'TIRAMISU''', 'English Cookies, Coffee, Mascarpone Cheese and Cocoa<br>', '2013-09-02 18:46:12', NULL, 0, 0),
('N5FJGN4G', 'NP01IZ93', 'S3DE0NE2', 'test', 'e', '2013-12-20 18:33:19', '2014-01-20 10:43:54', 1, 1),
('N5SOPQR8', 'VOTM0P3X', '0LMBB7TL', 'RISOTTO CON DIAVOLA E BRIE', 'Italian Rice with spicy Salami, Brie and Rocket<br>', '2013-09-02 18:25:37', NULL, 0, 0),
('NF2IPR1R', 'V3184BOT', '4K4STZCI', 'VITELLO TONNATO', 'Thinly-Sliced Roast Veal Loin, &nbsp;with Velvety Tuna-Caper Sauce, White Grapes and Pantelleria Island Capers<br>', '2013-09-02 01:58:02', NULL, 0, 0),
('NFP4F4KR', 'VOTM0P3X', '4K4STZCI', 'INSALATA DI PERE E CAPRINO', 'Rocket Leaves with Pear, Goat Cheese and Walnuts<br>', '2013-09-02 18:00:40', NULL, 0, 0),
('NGWQ6FTA', 'VOTM0P3X', 'KA2NHI82', 'ZUPPA DI FREGULA', 'Fresh Semolina Pasta with Squid, Clams and Mushrooms<br>', '2013-09-02 18:07:19', NULL, 0, 0),
('NJ0UDYK7', 'VOTM0P3X', '78TQM9LG', 'RAVIOLINI DI VITELLO AI FUNGHI', 'Fresh Pasta with stuffed with Veal, MushroomS and Cream Sauce<br>', '2013-09-02 18:08:32', '2013-09-02 18:09:11', 0, 0),
('NUNDGVAS', 'V3184BOT', 'SES1VUPV', 'GELATO AL BASILICO', 'Basil Gelato with Strawberry, Sweet Tomato and Balsamic Reduction<br>', '2013-09-02 15:26:44', NULL, 0, 0),
('NUX9WZFS', 'SYKQI8Q2', 'KA2NHI82', 'VELLUTATA DI ZUCCHINE', 'Zucchini Cream Soup with Robiola Cheese, Zucchini Flowers and Bread Croutons<br>', '2013-09-02 16:45:21', NULL, 0, 0),
('NWU9958Q', 'SYKQI8Q2', '5I7T6V5B', 'TARTARA DI TONNO', 'Mediterranean Style Tuna Tartare, with Rocket, Cherry Tomato Salad and Shallot Mayonnaise<br>', '2013-09-02 16:40:38', NULL, 0, 0),
('NXPXM17L', 'I22QOQHM', '2BWBOYVO', 'Chilean Seabass, Yuzu Betroots, Crispy Iberian Bacon, Oyster Leave, Salmon Eggs', '&nbsp;&nbsp; <br>', '2013-12-20 17:43:05', '2014-01-20 10:43:18', 1, 1),
('O9ID3TIF', 'V3184BOT', 'SES1VUPV', 'IL FONDENTE', 'Warm Chocolate Fondant with Espresso Sambuca Gelato<br>', '2013-09-02 15:48:35', NULL, 0, 0),
('O9SA3MM9', 'E4F5WCSA', 'S3DE0NE2', '7. Accompanied with:', 'Colli Orientali del Friuli DOC Rjgialla, La Tunella<br>', '2013-12-19 17:02:12', '2013-12-19 17:02:28', 1, 0),
('OPHTNM0Z', 'E4F5WCSA', '4K4STZCI', 'when do 2 cols', 'start to kick in?<br>', '2013-12-18 15:38:48', '2013-12-19 15:53:56', 1, 1),
('P7JIRBZD', 'V3184BOT', 'SES1VUPV', 'LA SFOGLIA NAPOLEON', 'Napoleon Puff Pastry with Amaretto Pastry Cream and Fresh Raspberry Compote<br>', '2013-09-02 15:49:33', NULL, 0, 0),
('PC6SBBXX', 'V3184BOT', 'QDA3DMOM', 'RISOTTO NERO', 'Black Squid Ink Risotto with Cuttlefish, Crispy Speck "Alto Adige DOP"and Rosemary<br>', '2013-09-02 15:14:07', '2013-09-02 15:15:21', 0, 0),
('PJDLBT7R', 'SYKQI8Q2', 'YONBM2SF', 'CALZONE', 'Folded Pizza with Sauteed Escarole and Black Olives<br>', '2013-09-02 17:15:17', NULL, 0, 0),
('PKNW8NNE', 'VOTM0P3X', 'SES1VUPV', 'PANNA COTTA', 'Vanilla Flan with Raspberry Sauce<br>', '2013-09-02 18:46:45', NULL, 0, 0),
('PRF9UERJ', 'SYKQI8Q2', '5I7T6V5B', 'BRESAOLA', 'Cured Beef Bresaola Served with Artichokes and Grana Padano Cheese Shavings<br>', '2013-09-02 16:41:25', NULL, 0, 0),
('PRHBGC17', 'V3184BOT', 'Y19JA32O', 'rrrrr', 'rrrrr', '2013-09-02 12:30:05', NULL, 0, 0),
('PRSHZ8RP', 'V3184BOT', 'SES1VUPV', 'IL TIRAMISU''', 'Tiramisù Served with Mascarpone Sorbet<br>', '2013-09-02 15:54:20', NULL, 0, 0),
('PUEVN424', 'VOTM0P3X', '1ZYA4SRZ', 'PANINO CON MOZZARELLA E POMODORO', 'Tomato, Mozzarella Cheese and Basil<br>', '2013-09-02 18:36:15', NULL, 0, 0),
('Q30I5RVD', 'E4F5WCSA', 'S3DE0NE2', '5. Cappelletti in a Capon Broth and Vegetables', '&nbsp;&nbsp; <br>', '2013-12-19 17:00:24', NULL, 1, 0),
('Q9IGA9FP', 'VOTM0P3X', '1ZYA4SRZ', 'PANINO CON ASPARAGI', 'Asparagus, Brie Cheese and Parma Ham<br>', '2013-09-02 18:37:36', NULL, 0, 0),
('QI5S8I2W', 'V3184BOT', '4K4STZCI', 'LA MILLEFOGLIE DI SPINACINI', 'Baby Spinach Salad with Pear,Pecorino from Pienza, Pistacchio, Goat Cheese, and "Acetaia Dodi" Aged White Balsamic Essence<br>', '2013-09-02 15:05:33', '2013-09-02 15:08:55', 0, 0),
('R0B0W7I9', 'I22QOQHM', '6YTNWTFN', 'Chocolate Bento Box with Green Tea Ice-Cream', '&nbsp;&nbsp; <br>', '2013-12-20 17:50:59', '2014-01-16 10:32:50', 1, 1),
('RHC2CBWJ', 'VOTM0P3X', '4K4STZCI', 'INSALATA NEGRESCO', 'Tuna, black Olives, green String Beans, Potato and harb-boiled Eggs<br>', '2013-09-02 18:00:18', NULL, 0, 0),
('RHJZG3Q1', 'I22QOQHM', '6YTNWTFN', 'Wild Berry Toban with Ginger Crumble, Strawberry Sauce and Vanilla Ice Cream', '&nbsp;&nbsp; <br>', '2013-12-20 17:51:08', '2014-01-16 10:32:48', 1, 1),
('RO5PO97T', 'VOTM0P3X', 'SES1VUPV', 'TORTA DI MELE CON GELATO ALLA VANIGLIA', 'Apple Pie with Vanilla Ice Cream<br>', '2013-09-02 18:44:48', NULL, 0, 0),
('RPNN4T7I', 'SYKQI8Q2', '7GSEG21A', 'FILETTO DI ORATA', 'Sea Bream in Light Tomatoes Broth<br>', '2013-09-02 16:57:14', NULL, 0, 0),
('RUL9DBDA', 'SYKQI8Q2', '5I7T6V5B', 'INSALATA DI MELONE', 'Melon Salad with Rocket, Quartirolo Cheese and Almond Shavings<br>', '2013-09-02 16:43:37', NULL, 0, 0),
('S1OCBVTV', 'SYKQI8Q2', '5I7T6V5B', 'POLIPO', 'Sautéed Octopus with Potatoes, Green Beans, Cherry Tomatoes and Olives<br>', '2013-09-02 16:40:13', NULL, 0, 0),
('S5ASAPLF', 'VOTM0P3X', 'VCBNH18D', 'MEDAGLIONI DI MANZO AL PEPE VERDE', 'Grilled Filet Mignon with green Pepper Sauce with Saffron Risotto<br>', '2013-09-02 18:33:38', NULL, 0, 0),
('S70E3IAA', 'E4F5WCSA', 'S3DE0NE2', '1.Cauliflower Salad with mixed marinated Vegetable and Parsley', '&nbsp;<br>', '2013-12-19 15:54:45', NULL, 1, 0),
('SGXWP8UK', 'VOTM0P3X', '1ZYA4SRZ', 'PIZZA CASERECCIA CON POMODORO, MORTADELLA SALSICCIA', 'Mozzarella, Tomato, Sausage and Basil<br>', '2013-09-02 18:40:36', NULL, 0, 0),
('SH2XEPYE', 'I22QOQHM', '6YTNWTFN', 'Assorted  Ice-Creams and Sorbets', '&nbsp;&nbsp;&nbsp; <br>', '2013-12-20 17:51:18', '2014-01-16 10:32:45', 1, 1),
('STJYFU5F', 'V3184BOT', 'SES1VUPV', 'SELEZIONE DI FORMAGGI', 'Cheese Selection served with Fruit Mustards and Dried Fruits<br>', '2013-09-02 15:56:34', NULL, 0, 0),
('T30CG9HY', 'SYKQI8Q2', 'SES1VUPV', 'TORTINO AL CIOCCOLATO CALDO', 'Hot Chocolate Cake Served with Pistachio Ice Cream<br>', '2013-09-02 17:17:18', NULL, 0, 0),
('T9BLS4MQ', 'VOTM0P3X', '0LMBB7TL', 'RISOTTO AI FUNGHI PORCINI', 'Italian Rice with dry Mushrooms<br>', '2013-09-02 18:25:12', NULL, 0, 0),
('TL7Y6UQ3', 'VOTM0P3X', 'QW3VIINN', 'COUVERT', 'Pugliese bread, grissini, chart music, focaccia, butter and pate of the day<br>', '2013-09-02 17:54:16', NULL, 0, 0),
('TRX9PHKD', 'VOTM0P3X', 'SES1VUPV', 'TORTA DI LIMONE', 'Lermon Pie<br>', '2013-09-02 18:44:16', NULL, 0, 0),
('TVGKZG85', 'VOTM0P3X', '0LMBB7TL', 'RISOTTO CON POMODORI SECCHI E MOZZARELLA', 'Italian Rice with Dried Tomatoes, Mozzarella Cheese and Rocket<br>', '2013-09-02 18:24:12', NULL, 0, 0),
('TZAEEQCL', 'E4F5WCSA', '4K4STZCI', ' ', '&nbsp;<br>', '2013-12-18 15:34:41', '2013-12-19 15:54:08', 1, 1),
('TZE23159', 'SYKQI8Q2', '7GSEG21A', 'FILETTO DI MANZO', 'Grilled Beef Fillet with Grilled Vegetables<br>', '2013-09-02 17:08:41', NULL, 0, 0),
('TZR2SBRA', 'VOTM0P3X', '78TQM9LG', 'GNOCCHI DI PATATE AL RAGU'' TOSCANO', 'Potato Dough with Tomato Sauce and Sausage<br>', '2013-09-02 18:16:02', NULL, 0, 0),
('U5DZC8EF', 'V3184BOT', 'QDA3DMOM', 'SPAGHETTINI', 'Thin Spaghetti Pasta, Calamari, Lemon Zest, Sage, Tuna Belly and Air-Dried Tuna Roe<br>', '2013-09-02 15:10:20', NULL, 0, 0),
('U6NESX5C', 'SYKQI8Q2', '5I7T6V5B', 'ASPARAGI', 'Asparagus au Gratin with Parmesan Cheese Cream and Balsamic Vinegar<br>', '2013-09-02 16:39:50', NULL, 0, 0),
('U85NE9PX', 'VOTM0P3X', '0LMBB7TL', 'RISOTTO ALLO ZAFFERANO CON RAGU'' DI OSSOBUCO', 'Saffron Risotto served with Veal Shank Ragu<br>', '2013-09-02 18:26:40', NULL, 0, 0),
('UEK7PDPU', 'SYKQI8Q2', '7GSEG21A', 'VERDURE DI STAGIONE', 'Grilled Seasonal Vegetables with Warm Tomino Cheese<br>', '2013-09-02 16:57:58', NULL, 0, 0),
('UKUJD9GF', 'VOTM0P3X', 'VCBNH18D', 'PALETTA D''AGNELLO AL FORNO CON RAVIOLI E PATATE', 'Palette of Lamb with Potato Ravioli in their own Sauce<br>', '2013-09-02 18:35:08', NULL, 0, 0),
('V1YEYEFX', 'V3184BOT', '7GSEG21A', 'MERLUZZO', 'Roasted Cod with Leek, Meyer Lemon, Thyme, Fava Beans and Prosciutto Butter<br>', '2013-09-02 15:17:23', NULL, 0, 0),
('V3PJ8IRB', 'E4F5WCSA', '4K4STZCI', 'My menu first', 'this is my menu<br>', '2013-12-18 15:27:05', '2013-12-19 15:54:10', 1, 1),
('VEJ1C0Y4', 'SYKQI8Q2', 'SES1VUPV', 'IL TIRAMISÙ CAFFÈ ARMANI', 'Tiramisù with Coffee Ice Cream<br>', '2013-09-02 17:15:55', NULL, 0, 0),
('VKKWG0DC', '6K6FZMAY', 'SES1VUPV', 'TORTA AL LIMONE', 'Lemon Custard Tart<br>', '2013-09-02 16:32:56', NULL, 0, 0),
('VQX97OOZ', 'VOTM0P3X', 'WT9UI9NY', 'PENNE INTEGRALI PRIMAVERA', 'Dried integral Pasta with Vegetables pulled in Olives and Mozzarella Cheese<br>', '2013-09-02 18:22:42', NULL, 0, 0),
('W8IOS5FW', 'VOTM0P3X', 'SES1VUPV', 'BANANA AL FORNO', 'Golden browned Bananas with Cinnamon Ice Cream<br>', '2013-09-02 18:47:09', NULL, 0, 0),
('WNWW59HI', 'VOTM0P3X', 'SES1VUPV', 'CREME BRÛLEÉ', 'Egg Yolks Cream with Lemon Zest<br>', '2013-09-02 18:43:47', NULL, 0, 0),
('X21K6H6U', 'SYKQI8Q2', 'QDA3DMOM', 'SPAGHETTI EMPORIO ARMANI', 'Spaghetti with Pantesca Pesto Sauce, Tomato Concassé and Grana Padano Shavings<br>', '2013-09-02 16:54:19', NULL, 0, 0),
('XAMN8O7D', 'SYKQI8Q2', '7GSEG21A', 'POLLO', 'Boneless Grilled Chicken, with Sage Roasted Potatoes<br>', '2013-09-02 16:58:37', NULL, 0, 0),
('XDQ2PR9M', 'VOTM0P3X', '78TQM9LG', 'FREGULA CON LEGUMI E MOZZARELLA', 'Fresh Semolina Pasta with Vegetables and Mozzarella Cheese<br>', '2013-09-02 18:10:10', NULL, 0, 0),
('XUCR7CTX', 'SYKQI8Q2', '7GSEG21A', 'FRITTURA DI GAMBERI', 'Fried Shrimps and Calamari with Zucchini<br>', '2013-09-02 16:56:49', NULL, 0, 0),
('Y2CHJTGN', 'V3184BOT', '7GSEG21A', 'TARTARA DI MANZO', 'Black Angus Beef Tartare with Finely Diced Mushrooms, Caper Berries, Parmigiano and Artichoke Salad<br>', '2013-09-02 15:20:57', NULL, 0, 0),
('Y8G25XC6', 'VOTM0P3X', '78TQM9LG', 'GNOCCHETTI ALLA NAPOLETANA', 'Fresh Semolina Pasta with Filet Mignon Cubes, Olives, Red Pepper and Tomato Sauce<br>', '2013-09-02 18:11:31', NULL, 0, 0),
('YM981U4S', 'I22QOQHM', '2BWBOYVO', 'Sushi Selection', '&nbsp;&nbsp; <br>', '2013-12-20 17:43:27', '2014-01-20 10:43:15', 1, 1),
('YQK1W2CH', 'VOTM0P3X', 'VCBNH18D', 'PESCADA AL PEPE VERDE', 'Grilled with Seabream with green Pepper Sauce and Risotto<br>', '2013-09-02 18:27:18', NULL, 0, 0),
('YTRSTZS7', 'VOTM0P3X', '1ZYA4SRZ', 'PANINO ALLA DIAVOLA', 'Mozzarella Cheese, spicy Salami and Fresh Tomatoes<br>', '2013-09-02 18:36:36', NULL, 0, 0);
